,x,y,l
0,25.0514,5.7475,1.0
1,26.6614,7.3414,1.0
2,25.2653,6.2466,1.0
3,25.2285,4.7447,1.0
4,25.7529,5.1564,1.0
5,24.0785,5.6693,1.0
6,25.2722,6.8676,1.0
7,24.6535,6.2443,1.0
8,26.9834,6.633,1.0
9,25.7437,6.3179,1.0
10,26.4774,7.7416,1.0
11,26.7373,4.4756,1.0
12,27.1812,6.2972,1.0
13,25.4999,5.6739,1.0
14,25.3021,6.1431,1.0
15,23.3609,5.6601,1.0
16,25.5482,5.7107,1.0
17,26.2198,5.7337,1.0
18,25.884,6.3294,1.0
19,24.4649,5.7521,1.0
20,24.7708,6.7572,1.0
21,25.3274,5.6463,1.0
22,25.999,4.8551,1.0
23,25.0238,6.2742,1.0
24,25.8242,6.7848,1.0
25,25.4286,6.2834,1.0
26,27.3445,6.4697,1.0
27,24.6236,6.1178,1.0
28,27.126,6.1109,1.0
29,25.677,5.9085,1.0
30,25.539,6.3777,1.0
31,25.0491,6.0603,1.0
32,26.5924,6.0925,1.0
33,25.217,7.7531,1.0
34,25.2492,5.6486,1.0
35,24.941,5.0184,1.0
36,25.2814,7.5461,1.0
37,24.8191,6.1316,1.0
38,26.0105,6.8377,1.0
39,25.0215,6.564,1.0
40,25.1618,6.3064,1.0
41,25.8955,5.4393,1.0
42,24.8375,5.4416,1.0
43,25.4562,6.702,1.0
44,25.7161,5.5152,1.0
45,26.7212,4.7424,1.0
46,24.4649,7.2471,1.0
47,24.6328,5.3473,1.0
48,25.7253,6.7296,1.0
49,27.1168,5.6946,1.0
50,26.4958,5.9039,1.0
51,25.1158,6.1914,1.0
52,25.6103,7.6197,1.0
53,26.3026,6.7802,1.0
54,24.7915,6.2627,1.0
55,25.0997,5.8004,1.0
56,25.4838,7.0148,1.0
57,25.4217,7.3138,1.0
58,27.1306,6.9573,1.0
59,24.3338,5.1679,1.0
60,24.6236,5.6877,1.0
61,25.5183,4.8229,1.0
62,26.39,7.0401,1.0
63,24.3039,4.8827,1.0
64,25.5275,4.9333,1.0
65,24.8973,7.1919,1.0
66,24.7731,6.0925,1.0
67,26.5855,6.8423,1.0
68,25.6356,5.6371,1.0
69,26.7718,5.5336,1.0
70,24.8536,5.5152,1.0
71,25.8587,5.2208,1.0
72,25.2538,5.5727,1.0
73,25.4838,4.9333,1.0
74,25.5436,5.9844,1.0
75,23.1838,5.7314,1.0
76,27.7102,6.2535,1.0
77,25.1204,4.6504,1.0
78,25.2538,5.5681,1.0
79,25.5137,6.357,1.0
80,27.2249,5.5727,1.0
81,24.6581,5.9936,1.0
82,25.1894,5.4991,1.0
83,25.2446,5.9591,1.0
84,24.8007,4.4158,1.0
85,26.275,5.5888,1.0
86,25.8748,6.5456,1.0
87,24.6328,6.7503,1.0
88,24.8766,4.4664,1.0
89,26.4498,6.6997,1.0
90,25.148,5.9292,1.0
91,24.5914,5.8004,1.0
92,25.6954,5.9867,1.0
93,26.344,5.9522,1.0
94,26.8224,5.667,1.0
95,26.1347,5.0161,1.0
96,25.263,5.3082,1.0
97,24.6305,6.8354,1.0
98,25.8035,6.1937,1.0
99,26.0243,7.5576,1.0
100,18.4941,12.5877,2.0
101,18.1606,12.5486,2.0
102,17.9628,10.4625,2.0
103,17.7558,12.1231,2.0
104,17.4867,10.6626,2.0
105,16.7139,11.5849,2.0
106,17.259,11.7482,2.0
107,17.4959,11.5596,2.0
108,18.7908,10.497,2.0
109,18.3607,11.8287,2.0
110,17.2038,11.7689,2.0
111,16.96,10.6373,2.0
112,17.2866,12.2933,2.0
113,17.3694,11.5596,2.0
114,17.9858,11.5067,2.0
115,18.0272,12.6176,2.0
116,17.1026,13.1719,2.0
117,17.5212,11.8747,2.0
118,17.512,10.9915,2.0
119,16.7898,12.2128,2.0
120,17.1233,11.6102,2.0
121,18.6137,11.3802,2.0
122,16.7714,11.3871,2.0
123,16.0676,10.8121,2.0
124,17.8041,11.7022,2.0
125,17.8984,9.945,2.0
126,16.638,12.9649,2.0
127,16.4632,10.658,2.0
128,18.5125,11.8425,2.0
129,17.9306,12.1898,2.0
130,17.6132,13.4686,2.0
131,16.7392,11.0306,2.0
132,18.4642,11.7137,2.0
133,17.3625,12.0035,2.0
134,17.5557,11.2123,2.0
135,17.6868,11.4354,2.0
136,18.5171,9.876,2.0
137,16.1251,10.6649,2.0
138,17.5419,11.8885,2.0
139,17.8961,11.8057,2.0
140,18.2365,11.7666,2.0
141,18.1008,11.3641,2.0
142,18.3653,12.0633,2.0
143,19.3635,11.6286,2.0
144,17.9237,11.5573,2.0
145,16.9853,12.3186,2.0
146,16.8749,11.5182,2.0
147,18.0272,11.9621,2.0
148,17.6293,11.3503,2.0
149,16.5575,11.3388,2.0
150,18.2388,11.4676,2.0
151,17.811,11.4768,2.0
152,16.1895,9.968,2.0
153,16.845,12.9235,2.0
154,17.4637,10.8213,2.0
155,17.6339,10.8144,2.0
156,17.4384,12.2128,2.0
157,17.9421,11.8057,2.0
158,16.615,12.0702,2.0
159,15.6398,11.2284,2.0
160,16.7415,11.8793,2.0
161,16.8197,12.1162,2.0
162,15.9181,11.4124,2.0
163,17.8363,11.8563,2.0
164,17.696,11.9414,2.0
165,16.845,10.6672,2.0
166,18.5378,11.6516,2.0
167,17.1877,11.9828,2.0
168,18.4527,11.2468,2.0
169,16.8956,11.1065,2.0
170,18.1422,11.9966,2.0
171,16.8059,11.1318,2.0
172,17.4913,10.428,2.0
173,16.3045,10.8765,2.0
174,17.4453,9.8668,2.0
175,17.5396,11.4791,2.0
176,17.7328,11.21,2.0
177,17.466,10.4234,2.0
178,18.4803,12.0955,2.0
179,17.2889,11.7873,2.0
180,18.3883,10.0025,2.0
181,17.6523,11.509,2.0
182,17.4982,11.9552,2.0
183,17.5948,11.3848,2.0
184,17.7328,11.6562,2.0
185,19.3934,12.5601,2.0
186,17.9651,12.5256,2.0
187,17.0428,11.3595,2.0
188,17.6086,11.7206,2.0
189,18.9817,11.6999,2.0
190,17.1992,12.5969,2.0
191,16.9163,11.4929,2.0
192,17.3096,11.1893,2.0
193,18.9403,11.6999,2.0
194,17.098,13.5744,2.0
195,16.3206,12.0679,2.0
196,18.4343,12.4474,2.0
197,18.3124,11.6631,2.0
198,16.7277,11.6654,2.0
199,18.2457,13.0201,2.0
200,8.4155,9.7633,3.0
201,7.1413,10.3981,3.0
202,7.691,11.969,3.0
203,8.6363,9.8139,3.0
204,7.8704,10.957,3.0
205,7.2103,11.1249,3.0
206,7.6289,9.899,3.0
207,7.5645,8.8824,3.0
208,7.5967,9.5241,3.0
209,8.1372,10.3015,3.0
210,7.8106,11.3227,3.0
211,8.9514,11.0628,3.0
212,8.8456,10.3866,3.0
213,8.6869,11.0007,3.0
214,7.6611,10.7592,3.0
215,8.1648,10.3061,3.0
216,9.1515,10.796,3.0
217,8.5029,9.1791,3.0
218,8.1441,10.8443,3.0
219,9.0756,9.3723,3.0
220,7.8428,9.9703,3.0
221,8.8295,10.4648,3.0
222,8.1993,9.7863,3.0
223,9.2021,11.0076,3.0
224,8.1625,10.474,3.0
225,8.2085,9.9634,3.0
226,8.8456,11.5619,3.0
227,9.209,11.0467,3.0
228,8.588,11.0329,3.0
229,7.8934,11.3756,3.0
230,7.898,10.2049,3.0
231,9.1584,10.8535,3.0
232,8.9813,9.7127,3.0
233,8.6271,11.8379,3.0
234,7.806,11.4975,3.0
235,7.9233,10.4004,3.0
236,8.8042,10.3015,3.0
237,8.8272,11.0283,3.0
238,9.715,9.9151,3.0
239,8.3189,9.0365,3.0
240,9.5954,9.1469,3.0
241,7.4081,9.8001,3.0
242,9.0733,8.9307,3.0
243,7.9118,9.0848,3.0
244,8.1717,9.0687,3.0
245,9.393,9.4735,3.0
246,7.5277,10.6994,3.0
247,7.3575,10.3268,3.0
248,10.1635,9.1239,3.0
249,9.4344,12.3485,3.0
250,8.8249,9.9335,3.0
251,7.6979,10.1405,3.0
252,9.002,11.1433,3.0
253,7.3253,9.6644,3.0
254,8.0636,11.1088,3.0
255,6.8768,10.4303,3.0
256,7.737,10.3613,3.0
257,7.0953,11.1433,3.0
258,9.6023,9.0526,3.0
259,6.0695,9.669,3.0
260,7.0815,10.4993,3.0
261,8.2729,11.1157,3.0
262,7.5461,10.7178,3.0
263,9.1837,9.8484,3.0
264,8.1694,10.7868,3.0
265,8.9951,9.5678,3.0
266,7.7324,9.5954,3.0
267,7.8359,9.4965,3.0
268,7.9095,9.0066,3.0
269,7.9969,10.7063,3.0
270,8.9905,10.8006,3.0
271,10.4004,9.9749,3.0
272,8.9215,10.0577,3.0
273,8.4914,10.2233,3.0
274,9.5678,10.5683,3.0
275,8.9491,9.7863,3.0
276,9.2527,10.8558,3.0
277,7.7577,9.9749,3.0
278,9.3102,11.6539,3.0
279,8.9836,9.7104,3.0
280,8.6892,9.7219,3.0
281,7.2816,10.2831,3.0
282,9.2435,10.6212,3.0
283,10.1681,9.0802,3.0
284,8.0314,9.5678,3.0
285,9.071,10.2187,3.0
286,8.3557,10.152,3.0
287,7.8175,8.6938,3.0
288,9.0089,10.3958,3.0
289,8.0774,10.6695,3.0
290,7.3138,11.6608,3.0
291,8.7927,10.0876,3.0
292,8.4592,10.3337,3.0
293,8.6823,9.0986,3.0
294,9.1722,10.5729,3.0
295,7.4564,11.325,3.0
296,8.8019,11.3342,3.0
297,8.2913,9.4229,3.0
298,7.7508,10.9478,3.0
299,7.7945,10.8995,3.0
300,24.0394,24.6765,4.0
301,24.6972,24.4442,4.0
302,23.8945,24.9916,4.0
303,23.837,24.8536,4.0
304,26.4199,24.7225,4.0
305,26.1853,23.7795,4.0
306,24.9111,24.8168,4.0
307,23.7197,23.4483,4.0
308,23.3218,22.9584,4.0
309,26.4015,24.6006,4.0
310,25.4332,25.4953,4.0
311,25.953,26.1692,4.0
312,24.0486,25.4286,4.0
313,23.8692,23.8531,4.0
314,24.3499,25.1388,4.0
315,24.1498,24.6788,4.0
316,24.596,24.458,4.0
317,24.6075,24.6029,4.0
318,24.9134,24.6052,4.0
319,24.8513,24.4856,4.0
320,24.6535,23.0642,4.0
321,24.0555,24.3729,4.0
322,23.4437,24.0555,4.0
323,25.102,25.3205,4.0
324,24.8536,24.9525,4.0
325,23.7266,26.1094,4.0
326,24.8513,23.4322,4.0
327,25.2009,24.711,4.0
328,24.1222,24.6926,4.0
329,24.6903,24.0325,4.0
330,23.9842,23.3839,4.0
331,25.5827,23.7864,4.0
332,24.6397,24.251,4.0
333,23.8393,24.3154,4.0
334,25.6678,23.6599,4.0
335,24.9433,24.0003,4.0
336,24.7064,24.3476,4.0
337,24.2441,23.6231,4.0
338,24.6282,23.423,4.0
339,23.3218,24.8766,4.0
340,24.6972,24.5523,4.0
341,26.0036,25.7782,4.0
342,26.0404,23.8761,4.0
343,25.9415,23.883,4.0
344,23.9359,23.8347,4.0
345,25.8058,24.6328,4.0
346,24.9318,23.8623,4.0
347,25.3021,24.5201,4.0
348,24.5891,24.297,4.0
349,23.2873,23.1148,4.0
350,24.0049,23.9129,4.0
351,24.9088,24.9295,4.0
352,24.1475,26.689,4.0
353,26.4843,23.7105,4.0
354,25.4447,24.0049,4.0
355,24.8007,24.5017,4.0
356,25.9668,25.079,4.0
357,24.3407,23.5886,4.0
358,24.3154,24.2188,4.0
359,25.9944,23.9796,4.0
360,24.435,24.297,4.0
361,24.6512,24.9433,4.0
362,24.4856,23.6553,4.0
363,25.2308,25.3205,4.0
364,25.7184,23.9359,4.0
365,24.5316,23.8071,4.0
366,24.8996,24.5868,4.0
367,25.4792,24.1912,4.0
368,24.665,23.239,4.0
369,26.1508,24.5753,4.0
370,25.1135,22.2385,4.0
371,24.6098,24.7087,4.0
372,24.3752,24.4787,4.0
373,26.0772,24.9088,4.0
374,24.0946,24.4672,4.0
375,23.4299,25.0652,4.0
376,24.6581,25.861,4.0
377,26.712,24.5224,4.0
378,25.6517,23.9451,4.0
379,24.8191,24.9778,4.0
380,24.2855,24.2694,4.0
381,25.5045,24.5247,4.0
382,24.8605,23.4437,4.0
383,25.4401,24.4189,4.0
384,25.2722,24.7708,4.0
385,24.7248,24.1107,4.0
386,24.5914,25.5781,4.0
387,25.1434,23.7036,4.0
388,25.0675,24.4925,4.0
389,24.297,23.975,4.0
390,23.262,24.7524,4.0
391,25.6862,23.1999,4.0
392,25.4953,24.9893,4.0
393,24.7593,24.366,4.0
394,24.9709,23.9796,4.0
395,24.4925,23.7795,4.0
396,24.3545,24.4028,4.0
397,24.665,23.6208,4.0
398,24.7984,24.4787,4.0
399,25.6632,23.9773,4.0
400,4.057,21.4519,5.0
401,5.7912,19.7499,5.0
402,3.9719,19.8787,5.0
403,5.3174,18.8092,5.0
404,5.7406,22.066,5.0
405,4.9172,20.7688,5.0
406,4.3951,20.1363,5.0
407,6.1868,19.2324,5.0
408,4.8045,21.1989,5.0
409,6.173,19.3359,5.0
410,6.7848,21.0448,5.0
411,4.9218,20.019,5.0
412,6.0672,19.8695,5.0
413,6.3248,19.9684,5.0
414,4.7424,20.41,5.0
415,4.6665,20.4514,5.0
416,4.3491,20.2697,5.0
417,5.0897,19.8902,5.0
418,5.7498,20.6883,5.0
419,6.0304,20.1501,5.0
420,4.2962,20.9275,5.0
421,4.1973,20.4997,5.0
422,4.3192,20.1708,5.0
423,6.1661,21.6704,5.0
424,5.115,19.7499,5.0
425,5.0069,20.8263,5.0
426,5.0621,20.1478,5.0
427,4.7286,19.2761,5.0
428,5.3013,19.4233,5.0
429,5.5704,19.4716,5.0
430,5.7337,20.502,5.0
431,7.1321,19.7384,5.0
432,5.5244,20.4353,5.0
433,5.3473,20.3893,5.0
434,5.3588,19.7062,5.0
435,5.7061,19.214,5.0
436,6.1638,19.766,5.0
437,4.931,20.0305,5.0
438,5.184,20.5963,5.0
439,5.6256,21.2702,5.0
440,5.9775,21.4726,5.0
441,5.4393,19.6602,5.0
442,6.2673,18.7494,5.0
443,4.9839,19.5705,5.0
444,4.7723,19.8373,5.0
445,5.1334,20.7734,5.0
446,4.2594,21.0816,5.0
447,6.012,19.7706,5.0
448,4.5676,19.9776,5.0
449,4.2042,20.9942,5.0
450,5.9016,20.1225,5.0
451,6.1592,21.0908,5.0
452,5.4117,19.3405,5.0
453,4.9724,20.0167,5.0
454,4.5906,19.3014,5.0
455,5.4531,20.7067,5.0
456,7.0355,19.6073,5.0
457,6.5134,21.4151,5.0
458,5.3864,20.8355,5.0
459,4.4756,20.2766,5.0
460,4.9632,20.1248,5.0
461,5.2898,19.7545,5.0
462,3.9604,21.5669,5.0
463,3.9627,20.8884,5.0
464,6.1523,18.9058,5.0
465,5.3105,18.5033,5.0
466,3.8293,20.8424,5.0
467,7.2701,20.0558,5.0
468,3.896,20.065,5.0
469,4.3376,19.7821,5.0
470,5.69,18.3952,5.0
471,5.4623,19.306,5.0
472,7.231,19.8856,5.0
473,4.6987,19.5751,5.0
474,6.6974,20.0121,5.0
475,6.1247,20.088,5.0
476,6.4214,20.571,5.0
477,5.322,19.5705,5.0
478,4.8758,20.4468,5.0
479,5.8694,20.3709,5.0
480,5.7406,21.3898,5.0
481,6.1753,20.4284,5.0
482,3.6499,20.364,5.0
483,5.6233,19.8304,5.0
484,5.3013,20.2444,5.0
485,6.2006,20.1892,5.0
486,5.6463,18.9334,5.0
487,5.5359,20.801,5.0
488,5.4209,21.2518,5.0
489,6.9987,21.7693,5.0
490,6.3455,20.0834,5.0
491,4.1904,21.2265,5.0
492,5.5681,21.0333,5.0
493,4.793,20.364,5.0
494,5.5566,20.3778,5.0
495,5.0552,18.2365,5.0
496,4.7677,20.5503,5.0
497,5.7613,19.5889,5.0
498,2.907,20.5641,5.0
499,6.5709,20.4031,5.0
500,28.0805,10.5315,6.0
501,27.3445,11.2123,6.0
502,26.8661,10.6672,6.0
503,26.6476,9.2412,6.0
504,25.7115,10.0508,6.0
505,26.367,10.3268,6.0
506,28.2346,10.4165,6.0
507,26.6361,9.784,6.0
508,27.3077,9.2964,6.0
509,26.7143,9.4712,6.0
510,25.953,8.2131,6.0
511,27.3445,9.3769,6.0
512,26.8615,10.3245,6.0
513,27.7148,11.1755,6.0
514,26.4291,10.3912,6.0
515,25.7598,9.3907,6.0
516,27.2479,10.1842,6.0
517,26.9857,10.5453,6.0
518,26.6338,10.1612,6.0
519,26.8753,11.2882,6.0
520,26.6223,10.2762,6.0
521,26.482,9.6644,6.0
522,29.5939,9.738,6.0
523,26.2543,10.3314,6.0
524,25.2377,9.7081,6.0
525,26.0312,10.06,6.0
526,27.9471,11.1686,6.0
527,26.6154,11.6355,6.0
528,26.6936,8.9675,6.0
529,25.8081,9.4574,6.0
530,27.3169,9.117,6.0
531,25.5321,10.566,6.0
532,27.2916,11.9713,6.0
533,26.7051,11.9782,6.0
534,26.7626,9.6253,6.0
535,27.9264,10.7109,6.0
536,27.0386,10.037,6.0
537,27.4986,10.4234,6.0
538,26.1577,9.5632,6.0
539,26.9213,11.9966,6.0
540,27.2433,9.1561,6.0
541,26.6959,10.2394,6.0
542,27.0708,10.8144,6.0
543,26.0197,10.9317,6.0
544,27.2663,11.4952,6.0
545,27.6136,9.7426,6.0
546,27.0478,10.2854,6.0
547,26.873,10.3613,6.0
548,26.9282,11.3917,6.0
549,27.6297,10.0209,6.0
550,27.0869,9.3033,6.0
551,25.746,11.4331,6.0
552,25.7598,10.5614,6.0
553,27.7447,10.9708,6.0
554,26.988,9.991,6.0
555,26.7189,10.2624,6.0
556,26.7718,10.267,6.0
557,27.402,10.9087,6.0
558,26.1485,10.6166,6.0
559,26.9811,10.2969,6.0
560,26.5694,9.2274,6.0
561,27.6757,9.5816,6.0
562,28.1817,10.8673,6.0
563,26.0726,10.911,6.0
564,26.5855,10.1451,6.0
565,27.1375,10.9432,6.0
566,27.31,9.3401,6.0
567,27.3123,10.2532,6.0
568,26.9098,8.2798,6.0
569,27.0179,9.6023,6.0
570,28.1518,10.5453,6.0
571,27.0179,10.6166,6.0
572,27.8942,10.4786,6.0
573,27.563,10.2739,6.0
574,27.0432,9.6,6.0
575,26.9443,10.865,6.0
576,26.321,10.5407,6.0
577,26.4084,12.6866,6.0
578,27.9287,10.9938,6.0
579,25.6701,10.9225,6.0
580,26.7051,10.3406,6.0
581,27.4296,9.7426,6.0
582,28.0,10.8903,6.0
583,27.3698,10.2279,6.0
584,26.9052,9.0319,6.0
585,27.2433,12.5624,6.0
586,26.1577,10.5292,6.0
587,27.0823,10.0876,6.0
588,26.8707,10.3475,6.0
589,26.3877,9.6989,6.0
590,26.3831,10.3038,6.0
591,27.0478,10.4809,6.0
592,26.7741,8.8272,6.0
593,26.6131,11.5734,6.0
594,26.7557,8.8387,6.0
595,25.7368,9.7403,6.0
596,26.0956,10.3751,6.0
597,25.8058,10.635,6.0
598,26.4245,10.2923,6.0
599,25.8357,10.451,6.0
600,19.9339,27.9149,7.0
601,21.1115,27.2065,7.0
602,21.3047,25.7023,7.0
603,20.4514,27.2134,7.0
604,21.6175,27.3767,7.0
605,23.2206,26.8247,7.0
606,21.0655,27.7194,7.0
607,21.4841,28.1242,7.0
608,21.5117,27.9517,7.0
609,23.0182,27.5423,7.0
610,21.5922,26.873,7.0
611,22.802,27.3836,7.0
612,20.847,28.2852,7.0
613,20.2053,27.6596,7.0
614,19.6993,27.8827,7.0
615,22.1603,28.483,7.0
616,21.7325,27.8804,7.0
617,22.6525,28.1564,7.0
618,21.0908,26.436,7.0
619,20.2076,28.023,7.0
620,20.686,27.7884,7.0
621,21.7808,27.8735,7.0
622,21.6037,28.2461,7.0
623,21.5485,26.9213,7.0
624,21.7831,26.7511,7.0
625,21.7003,27.2571,7.0
626,22.273,27.7723,7.0
627,22.5835,26.4222,7.0
628,21.7785,26.712,7.0
629,20.0788,26.6177,7.0
630,22.4202,29.104,7.0
631,20.5687,27.4618,7.0
632,20.5273,28.253,7.0
633,20.8838,27.448,7.0
634,20.9275,26.0404,7.0
635,20.7849,26.459,7.0
636,19.9017,26.2589,7.0
637,21.7325,26.5901,7.0
638,20.8999,27.8873,7.0
639,21.0195,26.505,7.0
640,21.5485,27.747,7.0
641,22.1672,26.9926,7.0
642,21.8268,26.7649,7.0
643,23.0573,28.5336,7.0
644,20.6607,26.7902,7.0
645,21.2794,27.6389,7.0
646,21.1805,26.8638,7.0
647,20.7987,27.1421,7.0
648,21.7624,26.5832,7.0
649,20.962,27.2042,7.0
650,21.2909,27.8873,7.0
651,21.7302,26.0588,7.0
652,21.6175,27.5538,7.0
653,20.3617,27.8666,7.0
654,21.9717,27.4342,7.0
655,20.7734,29.3754,7.0
656,20.6791,26.9512,7.0
657,21.6405,28.5359,7.0
658,20.732,26.7557,7.0
659,22.6019,29.4513,7.0
660,22.3075,26.2497,7.0
661,20.6354,29.7871,7.0
662,20.502,27.0478,7.0
663,20.4077,27.678,7.0
664,21.2081,27.0915,7.0
665,21.8636,27.7746,7.0
666,21.1368,28.2576,7.0
667,21.8774,27.241,7.0
668,21.5301,27.517,7.0
669,19.5222,27.5147,7.0
670,20.6814,26.8477,7.0
671,20.3364,27.0018,7.0
672,20.824,27.954,7.0
673,20.8723,28.3082,7.0
674,21.1506,28.1633,7.0
675,21.468,27.3652,7.0
676,21.2311,27.0984,7.0
677,20.9988,27.1329,7.0
678,22.3029,27.54,7.0
679,23.1056,27.724,7.0
680,21.054,28.5819,7.0
681,21.0241,27.0294,7.0
682,21.974,27.2042,7.0
683,21.215,27.241,7.0
684,22.1189,27.4618,7.0
685,21.4588,27.4227,7.0
686,22.0637,27.8965,7.0
687,21.8222,27.1835,7.0
688,21.215,27.4181,7.0
689,21.1667,26.5165,7.0
690,21.1575,26.7005,7.0
691,21.4772,27.4848,7.0
692,21.8107,27.333,7.0
693,20.7044,27.4411,7.0
694,21.1506,27.5722,7.0
695,20.2007,27.0363,7.0
696,22.8066,27.8321,7.0
697,20.7849,27.5446,7.0
698,21.4519,26.85,7.0
699,20.5296,27.6228,7.0
700,13.5238,18.1077,8.0
701,13.7262,18.3699,8.0
702,13.9792,18.8575,8.0
703,13.5468,18.8805,8.0
704,14.016,18.8667,8.0
705,14.1379,18.9909,8.0
706,13.8596,18.0525,8.0
707,12.6291,20.134,8.0
708,13.8596,18.2733,8.0
709,14.2391,19.5521,8.0
710,15.6007,18.9518,8.0
711,14.0482,17.926,8.0
712,13.05,18.2342,8.0
713,13.1995,16.9186,8.0
714,13.717,18.7103,8.0
715,14.7221,19.1864,8.0
716,14.9153,18.1008,8.0
717,12.9948,20.7136,8.0
718,13.027,18.3561,8.0
719,13.9447,17.88,8.0
720,13.3628,19.2853,8.0
721,14.4622,19.5912,8.0
722,15.051,19.007,8.0
723,14.9521,20.41,8.0
724,13.3375,19.4164,8.0
725,13.8849,18.8621,8.0
726,13.9562,19.5935,8.0
727,12.9925,20.2927,8.0
728,15.1637,19.3704,8.0
729,14.7842,18.2319,8.0
730,14.3587,18.225,8.0
731,14.3426,19.7062,8.0
732,13.349,18.2342,8.0
733,14.0781,17.9214,8.0
734,14.1632,18.7816,8.0
735,15.603,16.9301,8.0
736,14.3081,17.9881,8.0
737,13.1052,19.4624,8.0
738,15.0648,18.6689,8.0
739,12.8499,19.0645,8.0
740,14.0344,19.0507,8.0
741,16.0745,18.1054,8.0
742,13.7262,19.8465,8.0
743,12.6498,18.5792,8.0
744,13.4686,18.892,8.0
745,14.4484,17.7811,8.0
746,12.4152,19.2209,8.0
747,14.2713,18.0893,8.0
748,13.786,18.5217,8.0
749,12.6268,19.7108,8.0
750,14.062,18.7701,8.0
751,13.2386,19.5958,8.0
752,13.464,19.3543,8.0
753,14.1425,19.4003,8.0
754,14.0689,19.4233,8.0
755,12.3209,18.0111,8.0
756,12.8338,18.2204,8.0
757,14.8716,17.9076,8.0
758,14.1448,17.9214,8.0
759,15.5179,18.5286,8.0
760,15.8629,18.0272,8.0
761,13.0454,19.0346,8.0
762,14.5887,17.9467,8.0
763,14.223,18.0019,8.0
764,15.3546,19.1772,8.0
765,14.6002,18.57,8.0
766,14.637,19.6464,8.0
767,12.8384,18.984,8.0
768,13.901,18.1997,8.0
769,15.2212,19.0461,8.0
770,13.9792,17.4729,8.0
771,15.3408,19.3888,8.0
772,13.3513,18.5585,8.0
773,12.9097,19.2071,8.0
774,13.1972,19.4509,8.0
775,13.3927,17.2521,8.0
776,12.6245,19.3405,8.0
777,13.8297,18.9058,8.0
778,13.4272,17.9743,8.0
779,13.7515,19.0875,8.0
780,13.9378,18.6275,8.0
781,12.5164,17.8248,8.0
782,12.8545,19.1473,8.0
783,13.924,19.3888,8.0
784,14.6485,18.7724,8.0
785,13.464,18.4964,8.0
786,13.5192,17.5327,8.0
787,13.1466,19.1312,8.0
788,13.3398,19.4417,8.0
789,13.6963,18.7977,8.0
790,15.373,19.4371,8.0
791,14.5105,16.8519,8.0
792,13.8895,20.4261,8.0
793,15.2695,18.8069,8.0
794,13.6273,18.4987,8.0
795,13.8458,19.3543,8.0
796,13.188,18.6183,8.0
797,13.4939,18.3193,8.0
798,12.8729,18.7103,8.0
799,14.2897,16.8427,8.0
800,18.2158,26.4751,9.0
801,17.9191,25.4401,9.0
802,19.0139,26.4222,9.0
803,17.627,26.6982,9.0
804,18.3354,26.1554,9.0
805,17.9076,24.964,9.0
806,17.4798,26.3969,9.0
807,17.7305,25.3803,9.0
808,18.7793,25.0997,9.0
809,18.0479,26.1669,9.0
810,17.6546,25.6287,9.0
811,18.0939,26.0542,9.0
812,19.0277,25.9691,9.0
813,16.0193,25.7368,9.0
814,16.6817,26.1117,9.0
815,18.1169,24.5063,9.0
816,20.2007,25.7138,9.0
817,17.6868,25.5206,9.0
818,16.2171,25.4562,9.0
819,18.0709,24.9502,9.0
820,18.5332,27.0064,9.0
821,18.1123,26.5257,9.0
822,18.2273,26.4452,9.0
823,18.8759,25.3987,9.0
824,18.5654,25.6862,9.0
825,17.5948,27.4825,9.0
826,18.0387,25.5459,9.0
827,17.3694,25.1043,9.0
828,18.1054,25.9783,9.0
829,18.0732,25.447,9.0
830,17.9697,26.8017,9.0
831,17.0773,26.3302,9.0
832,16.4287,25.2883,9.0
833,18.5194,24.7731,9.0
834,17.8018,26.7097,9.0
835,17.3303,26.1738,9.0
836,17.8685,26.7718,9.0
837,18.0042,25.8012,9.0
838,18.3952,24.6719,9.0
839,18.0364,25.7552,9.0
840,16.7116,26.2106,9.0
841,18.225,24.5891,9.0
842,17.4844,25.5735,9.0
843,18.0801,26.0887,9.0
844,18.0824,27.6665,9.0
845,18.5378,25.5252,9.0
846,18.3607,26.3762,9.0
847,17.6201,24.5845,9.0
848,18.0502,25.0261,9.0
849,17.8179,25.4447,9.0
850,17.5235,25.5919,9.0
851,18.8184,25.0537,9.0
852,18.2894,26.7166,9.0
853,17.3464,25.2607,9.0
854,18.3791,25.447,9.0
855,17.7512,26.7902,9.0
856,16.5023,25.2423,9.0
857,19.6924,24.5293,9.0
858,16.9853,25.3918,9.0
859,17.2567,25.24,9.0
860,18.0433,25.8334,9.0
861,18.0847,25.8288,9.0
862,17.3441,25.9898,9.0
863,18.2411,25.0583,9.0
864,18.6574,26.4521,9.0
865,18.4366,26.9558,9.0
866,18.6275,25.3826,9.0
867,18.3837,24.6167,9.0
868,17.7742,26.4429,9.0
869,18.0318,25.1572,9.0
870,18.1675,25.7506,9.0
871,18.2365,26.413,9.0
872,17.6822,24.6949,9.0
873,16.5897,26.1462,9.0
874,17.0336,25.3665,9.0
875,17.2061,24.5753,9.0
876,18.6091,25.4884,9.0
877,18.041,25.7575,9.0
878,17.8708,25.2676,9.0
879,18.3515,26.6476,9.0
880,18.8621,25.2055,9.0
881,16.661,25.447,9.0
882,18.8184,26.8086,9.0
883,19.0139,25.4539,9.0
884,17.8432,25.9622,9.0
885,18.4067,26.4038,9.0
886,17.0842,25.424,9.0
887,18.3055,25.0169,9.0
888,17.4062,25.9024,9.0
889,17.144,26.1393,9.0
890,18.6896,25.5206,9.0
891,17.512,26.0036,9.0
892,18.2963,25.3826,9.0
893,18.0134,26.6706,9.0
894,17.7558,26.0266,9.0
895,17.8294,25.746,9.0
896,17.4752,24.6972,9.0
897,18.1445,26.0887,9.0
898,19.1335,26.298,9.0
899,18.1491,25.7253,9.0
900,11.9759,20.5894,10.0
901,12.061,21.4979,10.0
902,12.7027,19.559,10.0
903,12.6613,21.0356,10.0
904,11.5343,19.5636,10.0
905,12.2059,21.5899,10.0
906,12.4152,21.9395,10.0
907,13.188,22.3167,10.0
908,10.7753,21.7808,10.0
909,11.9805,21.1069,10.0
910,11.2169,22.2454,10.0
911,11.0628,21.422,10.0
912,12.5187,21.1506,10.0
913,11.1134,21.4335,10.0
914,11.3066,20.847,10.0
915,12.4267,21.1414,10.0
916,12.4382,22.0959,10.0
917,13.7975,21.3392,10.0
918,11.1134,22.0821,10.0
919,11.831,21.7072,10.0
920,12.7326,22.1971,10.0
921,11.5481,21.9809,10.0
922,10.681,22.3397,10.0
923,13.3099,21.0333,10.0
924,12.6475,21.6497,10.0
925,12.2404,21.2472,10.0
926,11.6309,22.4708,10.0
927,11.2537,20.6446,10.0
928,12.4428,21.8636,10.0
929,11.1341,21.0655,10.0
930,11.1088,21.5784,10.0
931,13.4801,21.077,10.0
932,13.073,21.5301,10.0
933,11.5987,20.8263,10.0
934,12.0679,20.8286,10.0
935,13.2639,21.6405,10.0
936,11.5021,21.606,10.0
937,12.6935,20.732,10.0
938,11.164,21.974,10.0
939,12.0081,21.7302,10.0
940,11.9759,20.8769,10.0
941,13.5422,20.5457,10.0
942,11.1594,21.445,10.0
943,11.6631,22.4685,10.0
944,11.0214,21.6589,10.0
945,12.1323,20.9252,10.0
946,12.291,21.1368,10.0
947,11.0927,21.9234,10.0
948,10.8213,20.6561,10.0
949,12.774,21.7049,10.0
950,12.1714,20.7826,10.0
951,13.0983,20.8539,10.0
952,12.8223,21.0218,10.0
953,11.1111,20.8286,10.0
954,12.4221,20.8056,10.0
955,12.1806,22.2063,10.0
956,11.5343,21.4036,10.0
957,12.222,21.5393,10.0
958,11.6539,22.1971,10.0
959,12.36,20.5779,10.0
960,13.3375,21.8245,10.0
961,12.3071,20.9252,10.0
962,13.487,22.089,10.0
963,11.9966,21.4105,10.0
964,11.6999,21.0356,10.0
965,12.8844,22.0706,10.0
966,12.6866,22.0131,10.0
967,11.3664,20.9275,10.0
968,11.7666,21.4519,10.0
969,12.9925,21.3714,10.0
970,12.8177,22.1994,10.0
971,12.6337,21.8176,10.0
972,11.6838,20.9045,10.0
973,11.2031,20.6722,10.0
974,12.8315,22.0223,10.0
975,12.0426,21.215,10.0
976,10.0784,21.9855,10.0
977,11.3572,23.5587,10.0
978,11.3066,21.399,10.0
979,12.9235,21.675,10.0
980,12.6222,21.6175,10.0
981,13.4571,21.1851,10.0
982,13.2685,22.1925,10.0
983,12.7717,21.0057,10.0
984,13.4111,21.8889,10.0
985,13.2087,22.2408,10.0
986,12.7142,21.1782,10.0
987,11.6033,19.4785,10.0
988,10.6971,21.5508,10.0
989,11.6769,21.4151,10.0
990,11.4653,20.9689,10.0
991,12.8292,22.986,10.0
992,12.452,20.4767,10.0
993,11.4906,21.7026,10.0
994,11.1939,21.2656,10.0
995,11.7413,22.1488,10.0
996,12.0472,20.6377,10.0
997,11.8862,20.8746,10.0
998,12.6291,22.0752,10.0
999,11.9943,21.9625,10.0
1000,23.1976,9.5678,11.0
1001,22.2224,8.2131,11.0
1002,23.9842,8.6984,11.0
1003,23.354,7.7577,11.0
1004,24.0279,9.853,11.0
1005,22.9768,8.2591,11.0
1006,24.4626,9.0089,11.0
1007,23.7933,8.2821,11.0
1008,23.0343,8.6892,11.0
1009,23.2758,8.703,11.0
1010,22.641,8.4362,11.0
1011,23.2045,7.9647,11.0
1012,23.6898,7.2655,11.0
1013,22.9722,10.1681,11.0
1014,24.1268,7.8175,11.0
1015,23.8209,8.1464,11.0
1016,22.6893,9.2136,11.0
1017,23.5702,8.0889,11.0
1018,22.4248,7.6542,11.0
1019,22.7721,8.151,11.0
1020,23.9244,9.163,11.0
1021,22.5743,8.5374,11.0
1022,22.3259,7.8635,11.0
1023,22.4639,6.6353,11.0
1024,23.1953,8.6018,11.0
1025,23.9129,8.5489,11.0
1026,23.0297,8.5075,11.0
1027,23.5127,8.1073,11.0
1028,23.7496,8.8893,11.0
1029,23.0182,8.7858,11.0
1030,23.3908,9.2251,11.0
1031,22.5007,8.2476,11.0
1032,22.6203,8.9169,11.0
1033,21.8958,8.9905,11.0
1034,22.4133,8.4132,11.0
1035,22.1465,8.4339,11.0
1036,24.2119,8.6156,11.0
1037,24.1498,8.7904,11.0
1038,23.7818,8.5259,11.0
1039,24.8122,9.2941,11.0
1040,22.9147,7.8152,11.0
1041,24.435,8.5811,11.0
1042,24.8076,8.2223,11.0
1043,21.9602,8.3764,11.0
1044,23.745,9.0848,11.0
1045,23.2091,8.8939,11.0
1046,24.2234,7.5461,11.0
1047,21.8866,8.9652,11.0
1048,22.5835,8.5029,11.0
1049,21.7785,7.1482,11.0
1050,23.8439,7.8911,11.0
1051,23.4529,9.1998,11.0
1052,23.5656,8.7375,11.0
1053,22.0131,8.3603,11.0
1054,22.3213,9.0112,11.0
1055,23.9037,7.9808,11.0
1056,23.5426,8.8778,11.0
1057,24.3798,8.1648,11.0
1058,24.6696,8.2039,11.0
1059,23.3057,8.0613,11.0
1060,24.389,8.8042,11.0
1061,23.3218,8.9468,11.0
1062,23.3632,10.0255,11.0
1063,24.1935,8.6018,11.0
1064,23.5472,8.9767,11.0
1065,21.5761,7.8773,11.0
1066,23.0389,7.1942,11.0
1067,22.8572,9.1607,11.0
1068,22.5398,8.1211,11.0
1069,22.2523,7.599,11.0
1070,23.2114,7.967,11.0
1071,23.2482,9.738,11.0
1072,23.722,7.9049,11.0
1073,21.997,10.0048,11.0
1074,21.9188,9.7058,11.0
1075,23.1332,8.1395,11.0
1076,24.0831,8.4914,11.0
1077,23.2114,8.4109,11.0
1078,22.8572,7.9302,11.0
1079,22.6042,8.8387,11.0
1080,22.5421,9.6506,11.0
1081,21.3829,8.8571,11.0
1082,24.8421,9.3861,11.0
1083,24.1406,8.5305,11.0
1084,22.5904,8.4201,11.0
1085,24.7478,7.783,11.0
1086,22.3282,7.99,11.0
1087,24.8375,6.7871,11.0
1088,24.1866,9.1814,11.0
1089,23.7772,9.6345,11.0
1090,23.3586,9.9243,11.0
1091,22.3236,8.1556,11.0
1092,23.2206,6.8515,11.0
1093,23.5725,9.2803,11.0
1094,22.8089,7.9923,11.0
1095,21.6083,7.2655,11.0
1096,23.2781,9.0227,11.0
1097,24.0509,9.324,11.0
1098,23.2597,8.3741,11.0
1099,23.4851,8.3074,11.0
1100,27.6389,14.4967,12.0
1101,25.9116,14.1609,12.0
1102,26.5073,14.9268,12.0
1103,24.826,15.2971,12.0
1104,25.562,15.1476,12.0
1105,26.4084,14.6163,12.0
1106,24.6052,14.9958,12.0
1107,25.2906,14.9567,12.0
1108,26.7074,13.8573,12.0
1109,25.6931,15.4443,12.0
1110,24.8329,16.0377,12.0
1111,25.7943,13.947,12.0
1112,25.1871,14.5128,12.0
1113,26.2014,13.4732,12.0
1114,24.4649,14.5496,12.0
1115,26.4061,14.5312,12.0
1116,26.6292,16.3804,12.0
1117,25.4194,14.4622,12.0
1118,25.4746,13.809,12.0
1119,26.965,15.0717,12.0
1120,25.8886,15.2695,12.0
1121,25.7322,15.6881,12.0
1122,26.0887,15.8997,12.0
1123,24.8697,14.6393,12.0
1124,26.8638,13.9171,12.0
1125,24.9824,14.9774,12.0
1126,24.8858,14.3196,12.0
1127,25.7092,15.0119,12.0
1128,26.3693,14.5795,12.0
1129,26.5533,15.0418,12.0
1130,26.0381,14.3242,12.0
1131,27.7194,13.7998,12.0
1132,26.1807,14.8026,12.0
1133,26.9029,14.6439,12.0
1134,26.3946,16.7967,12.0
1135,26.5648,15.603,12.0
1136,26.1853,16.1872,12.0
1137,26.4245,14.9176,12.0
1138,27.3376,14.6301,12.0
1139,26.1255,13.8918,12.0
1140,26.0749,14.5151,12.0
1141,27.6228,15.2741,12.0
1142,27.0018,14.8417,12.0
1143,26.1807,15.2396,12.0
1144,25.6103,13.9378,12.0
1145,26.7074,15.1568,12.0
1146,27.0317,14.4323,12.0
1147,25.8886,14.1954,12.0
1148,27.5561,13.2133,12.0
1149,27.1007,14.5243,12.0
1150,26.9259,15.5639,12.0
1151,25.2998,13.5905,12.0
1152,26.0473,13.2018,12.0
1153,25.9323,14.8486,12.0
1154,24.2947,13.4318,12.0
1155,25.7989,14.6715,12.0
1156,24.8214,13.2777,12.0
1157,26.39,13.8021,12.0
1158,26.1462,15.0786,12.0
1159,27.149,14.3058,12.0
1160,26.9213,14.5473,12.0
1161,25.1204,14.2299,12.0
1162,26.3095,14.5404,12.0
1163,26.068,14.4392,12.0
1164,25.3918,13.9976,12.0
1165,26.5441,14.4852,12.0
1166,25.8311,15.5202,12.0
1167,26.9604,14.8486,12.0
1168,25.3872,15.6628,12.0
1169,26.3095,15.8422,12.0
1170,27.1812,16.3298,12.0
1171,25.2814,14.2299,12.0
1172,25.4102,14.637,12.0
1173,26.0634,14.7336,12.0
1174,25.1089,16.9025,12.0
1175,26.6614,15.7088,12.0
1176,26.6384,13.4042,12.0
1177,26.4383,15.0418,12.0
1178,26.7534,14.9383,12.0
1179,25.7805,15.212,12.0
1180,26.1853,14.4668,12.0
1181,26.3118,14.5427,12.0
1182,26.1071,13.4548,12.0
1183,24.9571,15.0303,12.0
1184,25.5597,13.9125,12.0
1185,26.7925,14.2345,12.0
1186,26.6453,15.3546,12.0
1187,24.5362,16.9117,12.0
1188,26.6522,14.2115,12.0
1189,25.8794,15.0211,12.0
1190,25.7897,15.1453,12.0
1191,26.7534,15.6398,12.0
1192,26.2957,15.5087,12.0
1193,26.9535,15.5133,12.0
1194,24.9249,13.7607,12.0
1195,25.8242,14.6485,12.0
1196,26.4084,15.2212,12.0
1197,25.608,15.7548,12.0
1198,25.3596,14.2069,12.0
1199,25.3412,13.9631,12.0
1200,16.2631,10.0255,13.0
1201,15.7525,9.738,13.0
1202,16.4425,10.9915,13.0
1203,16.1205,8.9905,13.0
1204,16.3252,8.5903,13.0
1205,16.2079,9.3884,13.0
1206,14.4116,9.485,13.0
1207,16.2838,8.841,13.0
1208,16.9738,9.439,13.0
1209,16.6932,10.5361,13.0
1210,14.6439,11.1433,13.0
1211,17.1141,9.7311,13.0
1212,15.4558,8.45,13.0
1213,14.2368,8.9537,13.0
1214,15.2649,8.2131,13.0
1215,16.6564,9.9243,13.0
1216,16.4287,8.9169,13.0
1217,16.0607,9.1584,13.0
1218,14.5634,7.2057,13.0
1219,14.016,10.1267,13.0
1220,16.2723,9.1032,13.0
1221,15.442,8.0222,13.0
1222,16.6794,8.2844,13.0
1223,15.0372,9.554,13.0
1224,15.7594,8.4017,13.0
1225,15.6122,11.8816,13.0
1226,15.0556,9.4896,13.0
1227,15.5892,10.2141,13.0
1228,15.9595,9.3562,13.0
1229,15.7594,9.6828,13.0
1230,13.8918,9.2987,13.0
1231,16.9669,8.519,13.0
1232,14.5289,8.7306,13.0
1233,14.6761,7.898,13.0
1234,15.5409,9.347,13.0
1235,14.6945,8.6938,13.0
1236,16.3528,9.8783,13.0
1237,16.0032,8.6087,13.0
1238,13.9079,9.0181,13.0
1239,13.9125,10.6741,13.0
1240,16.8496,9.5954,13.0
1241,14.8532,8.9238,13.0
1242,16.3551,9.9703,13.0
1243,15.5938,8.5144,13.0
1244,16.4172,9.14,13.0
1245,16.3896,8.588,13.0
1246,14.9268,10.3843,13.0
1247,17.1348,10.2601,13.0
1248,16.8312,8.5719,13.0
1249,15.1729,9.4965,13.0
1250,15.6421,8.8663,13.0
1251,15.6099,8.8709,13.0
1252,14.66,9.6989,13.0
1253,16.4954,9.3907,13.0
1254,15.7824,8.5811,13.0
1255,13.8136,9.5655,13.0
1256,15.3638,8.9238,13.0
1257,15.9664,9.991,13.0
1258,15.3293,8.6685,13.0
1259,14.9314,7.9095,13.0
1260,14.384,9.9542,13.0
1261,14.5887,10.2279,13.0
1262,15.5984,9.8553,13.0
1263,16.1297,8.9146,13.0
1264,15.6881,7.9187,13.0
1265,15.9595,10.0186,13.0
1266,15.971,9.623,13.0
1267,15.4811,9.5816,13.0
1268,15.6789,8.818,13.0
1269,15.764,8.9169,13.0
1270,15.189,9.1975,13.0
1271,15.0004,9.1791,13.0
1272,16.4126,9.7656,13.0
1273,15.7479,9.3424,13.0
1274,15.1844,9.7311,13.0
1275,15.2143,10.0071,13.0
1276,16.2148,8.3258,13.0
1277,15.6306,9.2182,13.0
1278,16.5621,9.5034,13.0
1279,14.9314,9.9887,13.0
1280,16.0952,9.6184,13.0
1281,16.0722,9.0227,13.0
1282,15.9871,9.8139,13.0
1283,16.1826,8.8962,13.0
1284,14.4208,9.462,13.0
1285,15.9756,10.1865,13.0
1286,15.1246,9.7978,13.0
1287,16.4931,9.3056,13.0
1288,17.1187,10.4602,13.0
1289,15.4696,8.841,13.0
1290,15.5915,9.3033,13.0
1291,16.224,8.9514,13.0
1292,16.0216,9.6667,13.0
1293,15.5041,10.1865,13.0
1294,14.9452,8.7697,13.0
1295,14.4185,9.3102,13.0
1296,14.7658,8.7237,13.0
1297,16.3459,8.5696,13.0
1298,14.6324,8.5857,13.0
1299,15.5386,9.8139,13.0
1300,16.6863,13.8642,14.0
1301,17.8731,15.143,14.0
1302,15.7617,14.3472,14.0
1303,16.6334,13.4295,14.0
1304,16.27,14.8532,14.0
1305,16.9692,14.7612,14.0
1306,15.9503,13.7331,14.0
1307,16.9048,13.8964,14.0
1308,16.4793,14.9981,14.0
1309,17.6224,12.9212,14.0
1310,16.2516,13.2731,14.0
1311,16.7277,13.8688,14.0
1312,17.213,14.0137,14.0
1313,15.4466,14.9981,14.0
1314,16.0745,14.0022,14.0
1315,15.7571,15.258,14.0
1316,15.8629,14.7635,14.0
1317,16.7944,14.453,14.0
1318,16.5943,15.511,14.0
1319,17.1969,14.9521,14.0
1320,17.3349,15.1798,14.0
1321,15.5156,14.8808,14.0
1322,16.3114,14.9521,14.0
1323,15.9641,15.0694,14.0
1324,15.8008,14.2437,14.0
1325,16.6196,13.7768,14.0
1326,16.431,15.5317,14.0
1327,16.2171,14.9958,14.0
1328,15.4397,14.7842,14.0
1329,16.0768,17.0313,14.0
1330,16.6679,14.5841,14.0
1331,17.3924,14.6232,14.0
1332,15.7985,13.7998,14.0
1333,16.1734,15.2212,14.0
1334,15.9733,15.7617,14.0
1335,16.4149,14.8532,14.0
1336,16.4103,14.3909,14.0
1337,16.983,15.7272,14.0
1338,16.4425,12.935,14.0
1339,15.603,16.1619,14.0
1340,15.7732,15.3293,14.0
1341,15.4765,14.0505,14.0
1342,16.6196,15.0165,14.0
1343,15.3086,14.89,14.0
1344,16.0952,14.3633,14.0
1345,16.4885,14.683,14.0
1346,16.1527,14.1218,14.0
1347,16.2171,15.0303,14.0
1348,16.4701,14.0137,14.0
1349,17.7995,14.1218,14.0
1350,15.6421,14.1678,14.0
1351,17.2176,14.821,14.0
1352,16.224,14.5174,14.0
1353,16.5276,15.1844,14.0
1354,16.086,14.8785,14.0
1355,17.466,15.1936,14.0
1356,14.9406,14.5013,14.0
1357,15.8721,12.8867,14.0
1358,16.799,15.6168,14.0
1359,16.1067,14.4208,14.0
1360,16.2953,15.2189,14.0
1361,15.2971,14.6715,14.0
1362,17.0727,14.3242,14.0
1363,15.2948,14.7658,14.0
1364,16.6058,14.9912,14.0
1365,14.5588,14.4001,14.0
1366,16.2378,13.8435,14.0
1367,16.6886,14.7198,14.0
1368,16.1182,15.2534,14.0
1369,15.5823,13.8297,14.0
1370,15.2051,14.039,14.0
1371,16.0515,14.3081,14.0
1372,16.6265,15.0855,14.0
1373,16.2309,14.7497,14.0
1374,16.1711,14.4208,14.0
1375,17.3441,15.2258,14.0
1376,15.5938,15.0487,14.0
1377,17.9007,14.3127,14.0
1378,15.4949,15.3385,14.0
1379,16.3206,16.1596,14.0
1380,17.2797,14.9268,14.0
1381,16.4931,14.2437,14.0
1382,16.661,16.3896,14.0
1383,16.0101,14.7612,14.0
1384,16.2746,16.1412,14.0
1385,17.3027,13.6388,14.0
1386,16.7875,15.4029,14.0
1387,15.3431,15.4167,14.0
1388,16.3597,17.1233,14.0
1389,16.224,15.4374,14.0
1390,16.5713,15.2764,14.0
1391,15.0924,15.9894,14.0
1392,16.7806,14.6163,14.0
1393,15.2925,16.4195,14.0
1394,16.7875,16.0653,14.0
1395,17.4568,14.2759,14.0
1396,15.6536,13.4456,14.0
1397,17.0083,14.1011,14.0
1398,16.3804,15.0372,14.0
1399,15.9388,15.1913,14.0
1400,20.5227,19.4578,15.0
1401,19.7683,19.9868,15.0
1402,21.4864,19.7039,15.0
1403,19.6832,18.3515,15.0
1404,21.6014,20.4905,15.0
1405,20.203,19.9592,15.0
1406,20.6975,19.8258,15.0
1407,19.6763,19.8626,15.0
1408,21.1506,20.1294,15.0
1409,19.6694,19.9776,15.0
1410,21.3921,19.0691,15.0
1411,19.7821,20.2237,15.0
1412,20.4813,19.0162,15.0
1413,20.1202,19.0737,15.0
1414,20.7849,20.4767,15.0
1415,21.3369,19.7177,15.0
1416,19.3313,19.6372,15.0
1417,19.7476,19.1013,15.0
1418,20.9597,18.4619,15.0
1419,20.6377,19.3934,15.0
1420,20.8608,18.4711,15.0
1421,20.3456,19.0553,15.0
1422,18.6298,19.8051,15.0
1423,20.5572,19.3589,15.0
1424,20.8654,20.4491,15.0
1425,20.2536,19.1036,15.0
1426,21.2541,22.0591,15.0
1427,20.9758,19.0944,15.0
1428,20.9919,20.5618,15.0
1429,20.7251,19.5429,15.0
1430,19.3727,19.5659,15.0
1431,19.7775,18.8828,15.0
1432,19.6211,19.1266,15.0
1433,19.536,20.0581,15.0
1434,20.5089,19.2945,15.0
1435,21.3346,20.3134,15.0
1436,19.2715,18.4504,15.0
1437,19.8971,19.3244,15.0
1438,21.1161,19.5544,15.0
1439,20.2789,18.6068,15.0
1440,20.2973,19.053,15.0
1441,20.7343,19.95,15.0
1442,21.2449,20.0374,15.0
1443,21.5646,20.4031,15.0
1444,20.3502,19.6694,15.0
1445,20.3847,19.1197,15.0
1446,18.9288,19.2853,15.0
1447,20.7021,19.7545,15.0
1448,20.4836,19.3175,15.0
1449,19.4256,19.306,15.0
1450,19.8258,20.0972,15.0
1451,19.5682,19.881,15.0
1452,19.7798,20.1915,15.0
1453,20.1777,19.1933,15.0
1454,20.2628,19.6855,15.0
1455,18.8276,19.4279,15.0
1456,21.1805,19.2531,15.0
1457,19.6832,19.0139,15.0
1458,20.1777,20.0213,15.0
1459,21.1322,20.8033,15.0
1460,20.042,20.1915,15.0
1461,19.7867,20.5963,15.0
1462,20.9873,19.5958,15.0
1463,19.9523,18.8046,15.0
1464,18.9219,18.2756,15.0
1465,19.7936,19.3244,15.0
1466,20.8608,19.1979,15.0
1467,20.2375,20.0328,15.0
1468,20.6423,20.226,15.0
1469,20.7826,20.4997,15.0
1470,20.2375,19.3405,15.0
1471,20.364,18.2457,15.0
1472,19.3865,20.4192,15.0
1473,21.123,19.1059,15.0
1474,19.3957,21.2173,15.0
1475,20.1478,18.3768,15.0
1476,21.2679,19.1979,15.0
1477,19.7016,17.9766,15.0
1478,20.6262,18.9932,15.0
1479,20.6837,20.3916,15.0
1480,21.1322,19.8557,15.0
1481,19.9178,19.4279,15.0
1482,20.3502,20.0949,15.0
1483,19.2899,20.0949,15.0
1484,19.7246,19.8971,15.0
1485,20.5135,19.3405,15.0
1486,20.939,20.3341,15.0
1487,19.7798,20.3134,15.0
1488,19.5567,19.0599,15.0
1489,20.6998,20.7688,15.0
1490,21.3852,19.5659,15.0
1491,21.0402,19.1887,15.0
1492,21.2633,19.6096,15.0
1493,20.0811,19.2301,15.0
1494,20.18,21.3277,15.0
1495,20.3525,21.1966,15.0
1496,20.6837,19.8695,15.0
1497,20.939,20.893,15.0
1498,19.9385,18.1284,15.0
1499,19.8833,18.8529,15.0
1500,8.4086,15.7893,16.0
1501,9.5218,14.8164,16.0
1502,8.8341,15.0855,16.0
1503,9.5586,16.7967,16.0
1504,8.0567,14.7428,16.0
1505,9.3378,15.5018,16.0
1506,7.7416,15.3707,16.0
1507,8.7375,15.1407,16.0
1508,7.8704,16.086,16.0
1509,7.5139,13.8044,16.0
1510,9.5471,15.0165,16.0
1511,8.1671,15.3362,16.0
1512,7.4679,15.0625,16.0
1513,7.3966,15.8928,16.0
1514,8.8134,14.2644,16.0
1515,8.7766,14.7336,16.0
1516,8.6639,15.8514,16.0
1517,7.5116,15.1522,16.0
1518,9.4781,14.5979,16.0
1519,8.5236,14.3472,16.0
1520,8.795,15.1867,16.0
1521,7.6956,16.2148,16.0
1522,7.8888,15.1039,16.0
1523,7.8267,15.81,16.0
1524,9.1515,15.5616,16.0
1525,9.3884,15.2672,16.0
1526,8.8686,14.982,16.0
1527,9.2274,14.8233,16.0
1528,9.3125,15.3592,16.0
1529,9.4045,16.2194,16.0
1530,7.944,13.0891,16.0
1531,8.9261,14.6508,16.0
1532,8.5949,15.2028,16.0
1533,7.8267,15.35,16.0
1534,7.7094,14.637,16.0
1535,8.7674,15.2534,16.0
1536,9.1745,14.7888,16.0
1537,9.209,14.8049,16.0
1538,7.3966,16.1987,16.0
1539,9.6506,15.5685,16.0
1540,8.3787,14.6278,16.0
1541,9.8829,14.5289,16.0
1542,8.3672,14.8762,16.0
1543,7.9624,16.04,16.0
1544,9.1584,15.3247,16.0
1545,7.9302,14.6876,16.0
1546,8.5535,16.5575,16.0
1547,8.6639,15.1913,16.0
1548,9.6874,15.4236,16.0
1549,8.6133,14.0459,16.0
1550,7.8428,14.4507,16.0
1551,8.1809,15.7571,16.0
1552,8.7904,14.4208,16.0
1553,9.2757,14.9061,16.0
1554,8.7237,15.189,16.0
1555,9.6115,15.6651,16.0
1556,8.8916,14.6968,16.0
1557,8.4983,16.224,16.0
1558,9.2136,13.7607,16.0
1559,8.7168,14.2437,16.0
1560,8.9008,16.017,16.0
1561,7.2448,15.0096,16.0
1562,8.9514,14.6347,16.0
1563,8.2614,15.2465,16.0
1564,8.7191,15.7939,16.0
1565,9.5333,15.4627,16.0
1566,9.5563,15.6927,16.0
1567,8.8157,16.1021,16.0
1568,8.5627,15.3339,16.0
1569,8.2959,15.6973,16.0
1570,8.818,15.4029,16.0
1571,10.5108,14.9912,16.0
1572,8.519,14.9751,16.0
1573,8.933,13.9286,16.0
1574,8.9445,14.683,16.0
1575,9.301,16.2976,16.0
1576,9.5724,15.8836,16.0
1577,7.5645,15.9089,16.0
1578,9.7564,14.9153,16.0
1579,8.1257,15.3546,16.0
1580,8.6455,16.5483,16.0
1581,8.8732,15.2258,16.0
1582,7.783,14.775,16.0
1583,8.6409,15.9135,16.0
1584,10.1221,15.1177,16.0
1585,7.2126,15.488,16.0
1586,7.8152,15.649,16.0
1587,9.8185,14.6715,16.0
1588,9.0388,15.6697,16.0
1589,9.3125,15.1016,16.0
1590,7.7462,15.2833,16.0
1591,7.3713,15.4029,16.0
1592,9.5563,14.9061,16.0
1593,8.4316,15.2994,16.0
1594,8.3603,16.7024,16.0
1595,8.8088,16.1159,16.0
1596,9.2941,15.143,16.0
1597,7.645,14.9452,16.0
1598,8.059,14.476,16.0
1599,8.7766,15.3868,16.0
1600,10.9892,13.0615,17.0
1601,12.0771,13.7607,17.0
1602,12.1921,14.6209,17.0
1603,12.0081,16.1136,17.0
1604,11.21,14.2874,17.0
1605,13.1903,13.4502,17.0
1606,10.4579,13.5376,17.0
1607,11.4055,15.5892,17.0
1608,12.3117,13.7078,17.0
1609,12.2542,15.0901,17.0
1610,11.785,14.7888,17.0
1611,11.3181,14.6347,17.0
1612,12.5486,13.9585,17.0
1613,11.3043,14.4553,17.0
1614,11.6562,14.9843,17.0
1615,11.3664,13.7814,17.0
1616,11.6447,15.5271,17.0
1617,10.9478,15.9388,17.0
1618,12.9649,15.1913,17.0
1619,11.0904,14.6163,17.0
1620,11.762,13.4732,17.0
1621,11.9575,14.5289,17.0
1622,10.9225,15.0993,17.0
1623,12.8177,14.7014,17.0
1624,11.2284,14.6531,17.0
1625,10.589,14.1379,17.0
1626,10.842,14.0896,17.0
1627,11.7459,15.166,17.0
1628,11.4446,13.0132,17.0
1629,10.4924,14.5266,17.0
1630,11.7459,14.154,17.0
1631,11.1778,14.3702,17.0
1632,12.3807,13.5951,17.0
1633,13.0132,14.1954,17.0
1634,10.8374,14.2989,17.0
1635,12.4175,13.3053,17.0
1636,13.1765,14.6922,17.0
1637,10.9455,14.8854,17.0
1638,11.9989,13.6756,17.0
1639,12.1553,14.4047,17.0
1640,13.1397,14.5427,17.0
1641,11.3641,15.1913,17.0
1642,11.5182,15.2626,17.0
1643,11.5274,15.1131,17.0
1644,11.6884,15.0119,17.0
1645,12.6107,14.959,17.0
1646,11.1686,15.5133,17.0
1647,12.774,14.4231,17.0
1648,11.6056,14.66,17.0
1649,11.8287,15.5363,17.0
1650,11.5688,15.649,17.0
1651,12.0909,15.1476,17.0
1652,10.6741,14.2184,17.0
1653,11.9966,13.7446,17.0
1654,11.3526,14.6301,17.0
1655,11.1111,14.1724,17.0
1656,12.912,13.878,17.0
1657,10.4395,14.5565,17.0
1658,12.5693,14.338,17.0
1659,11.2767,13.2064,17.0
1660,12.9074,15.7755,17.0
1661,10.7776,13.8711,17.0
1662,11.1778,14.1839,17.0
1663,11.8264,14.3656,17.0
1664,12.498,14.5036,17.0
1665,11.4009,13.6963,17.0
1666,11.4515,14.3495,17.0
1667,11.1157,13.2869,17.0
1668,10.6695,14.2506,17.0
1669,11.5527,13.8734,17.0
1670,12.4819,13.6871,17.0
1671,11.6171,15.718,17.0
1672,11.7436,13.8964,17.0
1673,11.4745,13.1673,17.0
1674,11.5297,14.0528,17.0
1675,12.0725,13.3904,17.0
1676,10.7086,15.4696,17.0
1677,11.6907,14.4438,17.0
1678,12.9718,15.3362,17.0
1679,12.0955,12.8568,17.0
1680,10.129,14.4852,17.0
1681,10.7408,14.5588,17.0
1682,12.1714,15.4052,17.0
1683,11.762,13.9447,17.0
1684,11.0973,13.1328,17.0
1685,12.222,14.6623,17.0
1686,11.7344,14.1402,17.0
1687,12.4037,14.4093,17.0
1688,12.1415,15.4742,17.0
1689,11.3595,14.3817,17.0
1690,12.6751,14.798,17.0
1691,11.9644,14.2322,17.0
1692,13.4203,13.5146,17.0
1693,11.9414,14.6255,17.0
1694,11.4055,14.6439,17.0
1695,10.2233,13.4893,17.0
1696,11.8356,15.4719,17.0
1697,11.2836,13.8159,17.0
1698,10.5476,14.0666,17.0
1699,11.946,15.0188,17.0
1700,26.9995,17.3234,18.0
1701,27.1398,16.4471,18.0
1702,27.8781,16.7806,18.0
1703,28.3933,16.822,18.0
1704,28.621,16.4632,18.0
1705,28.1495,18.156,18.0
1706,26.8132,17.7052,18.0
1707,26.6246,18.0847,18.0
1708,27.7976,18.2917,18.0
1709,26.7005,16.9232,18.0
1710,26.8891,17.0428,18.0
1711,28.2415,18.3032,18.0
1712,25.9944,16.6863,18.0
1713,27.9862,17.3602,18.0
1714,28.1449,16.5598,18.0
1715,26.5441,17.3441,18.0
1716,28.2622,18.8943,18.0
1717,27.3146,18.0824,18.0
1718,27.7378,16.9278,18.0
1719,27.0662,16.6311,18.0
1720,26.8776,18.6896,18.0
1721,27.9632,16.0469,18.0
1722,27.0961,17.3671,18.0
1723,27.6504,17.1762,18.0
1724,26.8201,18.823,18.0
1725,27.1214,18.2595,18.0
1726,25.8518,18.6183,18.0
1727,27.7332,16.9968,18.0
1728,27.0846,17.075,18.0
1729,27.7884,18.3492,18.0
1730,28.2898,17.9536,18.0
1731,27.0478,17.8271,18.0
1732,28.2139,18.133,18.0
1733,27.5032,18.3975,18.0
1734,26.252,18.4389,18.0
1735,27.1352,18.3906,18.0
1736,26.9972,17.1831,18.0
1737,26.9926,17.1923,18.0
1738,28.3542,16.6564,18.0
1739,27.6688,16.0009,18.0
1740,27.885,16.4747,18.0
1741,27.7056,18.7379,18.0
1742,25.9139,17.949,18.0
1743,26.6062,18.2963,18.0
1744,28.0069,17.9053,18.0
1745,27.8942,16.9209,18.0
1746,26.7488,16.0814,18.0
1747,26.3118,16.2907,18.0
1748,27.1628,16.73,18.0
1749,28.4117,18.1192,18.0
1750,27.0064,18.179,18.0
1751,26.551,17.6247,18.0
1752,27.2732,19.5176,18.0
1753,26.7166,17.5143,18.0
1754,27.0386,15.8077,18.0
1755,28.6693,17.4775,18.0
1756,28.6003,17.8593,18.0
1757,26.6154,17.7834,18.0
1758,27.379,17.9076,18.0
1759,27.4549,17.4959,18.0
1760,28.1196,18.2365,18.0
1761,28.1173,17.7259,18.0
1762,29.2926,17.4614,18.0
1763,28.6486,16.5667,18.0
1764,27.2824,17.1394,18.0
1765,27.5124,17.0313,18.0
1766,27.1513,17.236,18.0
1767,26.919,16.27,18.0
1768,27.7447,16.8749,18.0
1769,26.6729,17.3441,18.0
1770,25.8058,17.2751,18.0
1771,26.1646,15.9687,18.0
1772,27.4687,15.6329,18.0
1773,26.9282,18.1146,18.0
1774,26.1554,17.5764,18.0
1775,27.0524,17.6385,18.0
1776,26.6085,18.4205,18.0
1777,27.6021,18.9288,18.0
1778,25.677,17.9214,18.0
1779,26.0565,17.1831,18.0
1780,27.2111,18.6896,18.0
1781,27.2686,17.834,18.0
1782,27.5423,16.4609,18.0
1783,27.4043,17.0865,18.0
1784,28.046,18.0456,18.0
1785,27.6596,16.8726,18.0
1786,27.5216,16.5345,18.0
1787,27.2571,16.9623,18.0
1788,27.0248,17.4913,18.0
1789,27.4963,17.4062,18.0
1790,27.563,16.9324,18.0
1791,28.0161,16.8726,18.0
1792,26.8201,19.0576,18.0
1793,26.3371,18.1192,18.0
1794,25.9208,17.8547,18.0
1795,27.1352,18.9265,18.0
1796,25.8311,18.0295,18.0
1797,27.1881,17.6339,18.0
1798,27.6435,17.9789,18.0
1799,25.7897,17.7328,18.0
1800,11.7735,8.1878,19.0
1801,12.0909,7.6795,19.0
1802,11.509,8.7743,19.0
1803,11.1985,8.3442,19.0
1804,11.0536,8.289,19.0
1805,11.3319,8.0452,19.0
1806,10.6051,6.9044,19.0
1807,13.0017,6.6192,19.0
1808,11.5665,8.9905,19.0
1809,11.7022,8.289,19.0
1810,12.0794,8.5328,19.0
1811,11.8379,8.1648,19.0
1812,10.8443,7.7301,19.0
1813,11.5849,9.7656,19.0
1814,12.6751,7.4955,19.0
1815,11.9966,7.7669,19.0
1816,12.1576,8.8249,19.0
1817,12.0357,7.5116,19.0
1818,10.474,7.9302,19.0
1819,11.4745,7.415,19.0
1820,11.4009,8.4086,19.0
1821,12.3002,8.6248,19.0
1822,10.4579,9.0204,19.0
1823,10.9018,9.2573,19.0
1824,12.3025,7.9969,19.0
1825,11.2859,8.082,19.0
1826,12.5118,8.933,19.0
1827,11.946,6.8607,19.0
1828,10.4993,8.9307,19.0
1829,10.8949,9.9036,19.0
1830,11.1502,8.1924,19.0
1831,11.3825,8.4086,19.0
1832,12.337,8.2614,19.0
1833,10.5384,8.1648,19.0
1834,11.4699,6.8929,19.0
1835,12.061,8.3465,19.0
1836,11.4078,9.1285,19.0
1837,10.5752,8.5903,19.0
1838,12.958,7.4817,19.0
1839,10.8075,7.3046,19.0
1840,9.9634,7.8497,19.0
1841,10.9892,9.5747,19.0
1842,10.98,8.9146,19.0
1843,10.6741,8.4684,19.0
1844,11.4952,7.8451,19.0
1845,11.9345,8.4362,19.0
1846,12.8131,8.0498,19.0
1847,12.4382,8.5857,19.0
1848,12.4152,9.8875,19.0
1849,10.2693,8.289,19.0
1850,11.0812,8.4523,19.0
1851,10.2233,7.576,19.0
1852,11.3135,9.2159,19.0
1853,11.7275,7.484,19.0
1854,11.1571,9.8783,19.0
1855,11.9943,8.7858,19.0
1856,13.0109,7.9072,19.0
1857,10.1796,8.45,19.0
1858,11.8402,9.0135,19.0
1859,11.601,8.9813,19.0
1860,11.6378,8.9629,19.0
1861,10.7546,8.1694,19.0
1862,10.2141,7.4058,19.0
1863,9.6368,8.1947,19.0
1864,11.3733,8.2315,19.0
1865,9.7909,9.1561,19.0
1866,11.647,9.163,19.0
1867,11.1134,7.2264,19.0
1868,11.9713,8.1694,19.0
1869,9.8829,8.772,19.0
1870,12.2312,8.1809,19.0
1871,11.8333,7.1689,19.0
1872,12.1461,7.7554,19.0
1873,11.5458,7.3667,19.0
1874,9.0411,8.5466,19.0
1875,11.0329,7.3391,19.0
1876,11.5481,8.8617,19.0
1877,11.9161,8.2246,19.0
1878,10.1796,7.9578,19.0
1879,11.8103,8.2269,19.0
1880,10.9938,8.7145,19.0
1881,11.7321,7.7577,19.0
1882,11.0766,9.025,19.0
1883,11.8816,9.2872,19.0
1884,10.4924,8.8686,19.0
1885,11.7919,8.0613,19.0
1886,12.1967,9.3677,19.0
1887,10.474,8.588,19.0
1888,11.3963,7.5185,19.0
1889,12.0403,7.8911,19.0
1890,11.3457,8.8111,19.0
1891,11.67,8.5765,19.0
1892,11.3641,7.0999,19.0
1893,10.9064,7.2655,19.0
1894,11.3802,8.4086,19.0
1895,10.9501,8.6156,19.0
1896,11.6631,8.2039,19.0
1897,11.9851,9.6345,19.0
1898,12.0587,7.7347,19.0
1899,10.451,6.84,19.0
1900,4.3629,28.2208,20.0
1901,4.3284,26.9972,20.0
1902,5.5566,27.0041,20.0
1903,6.3202,27.3445,20.0
1904,4.4457,27.3008,20.0
1905,4.5998,26.3762,20.0
1906,5.2737,27.8206,20.0
1907,4.8344,27.0524,20.0
1908,4.908,29.2995,20.0
1909,7.2264,28.4278,20.0
1910,4.7447,26.8132,20.0
1911,5.6762,27.3238,20.0
1912,5.8924,28.2116,20.0
1913,5.4048,27.8114,20.0
1914,4.9034,26.8017,20.0
1915,4.7677,28.5727,20.0
1916,6.2673,26.8638,20.0
1917,6.3616,27.5584,20.0
1918,6.8492,28.3956,20.0
1919,6.1983,27.103,20.0
1920,7.1482,27.9724,20.0
1921,4.9402,27.2088,20.0
1922,5.2254,28.5014,20.0
1923,5.2116,27.6941,20.0
1924,6.6813,27.5607,20.0
1925,5.7659,28.1978,20.0
1926,5.6693,27.0225,20.0
1927,6.3869,27.2364,20.0
1928,5.2576,27.5492,20.0
1929,5.092,27.5538,20.0
1930,5.3013,27.6251,20.0
1931,4.149,27.2985,20.0
1932,5.5267,27.0777,20.0
1933,5.4324,27.5009,20.0
1934,5.3519,27.8413,20.0
1935,5.897,28.5336,20.0
1936,4.9379,27.7424,20.0
1937,5.3565,27.1145,20.0
1938,3.9328,26.7189,20.0
1939,5.5152,27.747,20.0
1940,3.7488,26.0611,20.0
1941,5.989,26.2382,20.0
1942,6.1845,27.9356,20.0
1943,4.1329,28.3266,20.0
1944,5.138,27.678,20.0
1945,5.8418,27.4595,20.0
1946,4.6274,28.9177,20.0
1947,5.644,28.0621,20.0
1948,4.6251,27.8045,20.0
1949,5.0345,27.6366,20.0
1950,5.8993,27.2824,20.0
1951,6.0626,27.0731,20.0
1952,4.8321,28.1035,20.0
1953,5.6808,27.9379,20.0
1954,5.0966,27.3445,20.0
1955,6.5939,28.1771,20.0
1956,4.6458,27.6711,20.0
1957,4.7999,28.368,20.0
1958,5.4462,29.2742,20.0
1959,4.3376,27.3077,20.0
1960,5.5612,27.6665,20.0
1961,6.6008,27.8275,20.0
1962,5.0644,27.5676,20.0
1963,4.4135,27.2778,20.0
1964,4.0271,27.2755,20.0
1965,4.7263,26.3716,20.0
1966,4.7309,26.7304,20.0
1967,5.897,29.2558,20.0
1968,5.0092,27.1651,20.0
1969,6.2696,27.3215,20.0
1970,6.4398,27.1329,20.0
1971,6.1086,27.885,20.0
1972,5.9269,27.8781,20.0
1973,6.2719,27.4687,20.0
1974,5.9729,27.9908,20.0
1975,5.2599,27.9471,20.0
1976,4.5676,27.9172,20.0
1977,6.3156,26.7856,20.0
1978,4.7447,27.1214,20.0
1979,4.5561,28.4784,20.0
1980,5.2001,28.046,20.0
1981,6.3317,27.4365,20.0
1982,5.9269,26.9374,20.0
1983,6.3179,27.7286,20.0
1984,3.5556,26.9305,20.0
1985,6.2604,26.6361,20.0
1986,5.0506,27.5699,20.0
1987,6.9688,27.563,20.0
1988,5.6486,27.2042,20.0
1989,5.5083,27.6642,20.0
1990,5.5911,28.6877,20.0
1991,5.5382,27.3008,20.0
1992,5.1081,27.5147,20.0
1993,4.3905,27.8252,20.0
1994,4.8505,27.9793,20.0
1995,5.4232,27.2709,20.0
1996,5.7383,27.8551,20.0
1997,5.9016,27.8045,20.0
1998,6.5525,26.9374,20.0
1999,4.3652,25.9622,20.0
2000,8.772,20.778,21.0
2001,9.6943,23.1999,21.0
2002,9.6713,20.6906,21.0
2003,8.6225,22.2132,21.0
2004,8.8134,21.1,21.0
2005,8.3005,21.2426,21.0
2006,8.8617,21.4059,21.0
2007,8.6754,19.7982,21.0
2008,7.1666,20.1018,21.0
2009,9.3838,21.2357,21.0
2010,9.0641,21.8015,21.0
2011,8.5489,21.6405,21.0
2012,8.8663,20.6929,21.0
2013,7.4035,20.1777,21.0
2014,8.6294,23.0297,21.0
2015,9.2113,21.9556,21.0
2016,9.2573,22.0246,21.0
2017,7.5116,22.5421,21.0
2018,8.9307,22.3121,21.0
2019,8.9215,21.2863,21.0
2020,8.9859,19.1082,21.0
2021,9.3815,21.6796,21.0
2022,8.151,21.7072,21.0
2023,8.6317,21.1184,21.0
2024,8.8318,20.3847,21.0
2025,8.2315,20.6768,21.0
2026,7.9509,20.6975,21.0
2027,8.312,21.3484,21.0
2028,8.4569,21.3185,21.0
2029,9.1147,21.5784,21.0
2030,7.806,22.0729,21.0
2031,9.6368,21.6888,21.0
2032,7.6726,22.1212,21.0
2033,8.9238,20.2444,21.0
2034,8.7559,21.7716,21.0
2035,8.9583,20.3226,21.0
2036,7.829,21.0218,21.0
2037,9.4459,21.9257,21.0
2038,9.0733,21.3852,21.0
2039,7.8152,21.4979,21.0
2040,8.6409,22.4202,21.0
2041,8.8364,20.7849,21.0
2042,7.8474,21.1046,21.0
2043,7.5668,20.5986,21.0
2044,9.5563,21.7555,21.0
2045,9.0526,22.1511,21.0
2046,9.3125,20.8309,21.0
2047,8.1119,21.7785,21.0
2048,9.9197,20.4928,21.0
2049,9.4597,21.0471,21.0
2050,9.4781,20.6239,21.0
2051,10.0048,21.4542,21.0
2052,8.9169,19.8419,21.0
2053,8.8042,22.2707,21.0
2054,9.9749,20.5388,21.0
2055,7.5576,20.1616,21.0
2056,7.6611,20.5043,21.0
2057,9.0825,22.5605,21.0
2058,8.5834,21.8636,21.0
2059,9.4505,22.1787,21.0
2060,8.2315,20.9505,21.0
2061,7.9923,19.4601,21.0
2062,8.3925,21.2242,21.0
2063,8.1073,22.1235,21.0
2064,7.668,20.3916,21.0
2065,9.669,20.2674,21.0
2066,8.6041,21.3622,21.0
2067,8.611,21.5255,21.0
2068,7.6427,22.1948,21.0
2069,8.6938,21.0011,21.0
2070,6.5617,21.4841,21.0
2071,9.5333,21.3852,21.0
2072,8.864,21.5117,21.0
2073,8.4132,21.1115,21.0
2074,7.8681,19.4348,21.0
2075,8.0475,20.0328,21.0
2076,9.6828,21.5922,21.0
2077,8.6915,20.3778,21.0
2078,8.5098,22.0315,21.0
2079,9.0802,21.5347,21.0
2080,9.1584,20.9436,21.0
2081,9.8783,19.5567,21.0
2082,9.4413,23.055,21.0
2083,9.3608,20.9551,21.0
2084,8.4086,20.6354,21.0
2085,8.8318,21.6129,21.0
2086,9.1538,21.7509,21.0
2087,7.8014,22.0361,21.0
2088,8.45,20.9804,21.0
2089,7.8359,22.7031,21.0
2090,7.6726,21.2334,21.0
2091,8.1602,20.7389,21.0
2092,8.4201,19.6993,21.0
2093,9.9197,21.2012,21.0
2094,10.2716,20.3709,21.0
2095,8.5351,22.0315,21.0
2096,9.4965,21.7003,21.0
2097,9.2343,21.4611,21.0
2098,8.6593,21.0011,21.0
2099,8.0268,20.3249,21.0
2100,14.2138,27.5331,22.0
2101,14.3173,27.5768,22.0
2102,15.2074,28.1196,22.0
2103,14.4737,25.5712,22.0
2104,14.2276,27.4802,22.0
2105,13.1742,27.0156,22.0
2106,14.3679,25.861,22.0
2107,14.3587,26.7994,22.0
2108,14.2092,26.1485,22.0
2109,14.1655,27.2617,22.0
2110,13.4134,26.7672,22.0
2111,14.3242,26.6568,22.0
2112,13.3881,26.0013,22.0
2113,13.2363,26.1554,22.0
2114,14.4737,26.965,22.0
2115,15.4719,26.8868,22.0
2116,13.7101,26.5119,22.0
2117,13.7423,25.1411,22.0
2118,13.901,25.7368,22.0
2119,14.7819,26.643,22.0
2120,13.924,25.2906,22.0
2121,14.8233,26.2842,22.0
2122,14.0068,28.3795,22.0
2123,13.464,27.5055,22.0
2124,15.4466,26.4107,22.0
2125,14.7359,27.4825,22.0
2126,14.1885,27.6826,22.0
2127,14.4691,25.2446,22.0
2128,15.6881,26.9742,22.0
2129,13.0753,28.7199,22.0
2130,13.0477,26.8408,22.0
2131,14.7451,24.9019,22.0
2132,14.2598,26.0105,22.0
2133,14.4254,27.8022,22.0
2134,12.9051,25.7805,22.0
2135,14.9406,27.6757,22.0
2136,13.0615,26.965,22.0
2137,14.0459,26.3463,22.0
2138,13.3881,26.1278,22.0
2139,14.3127,25.9645,22.0
2140,14.7359,27.5722,22.0
2141,14.1839,26.3417,22.0
2142,13.3536,26.3026,22.0
2143,13.4962,26.5947,22.0
2144,13.9907,25.6471,22.0
2145,13.2409,26.8707,22.0
2146,14.0666,26.9903,22.0
2147,13.4801,27.5791,22.0
2148,16.914,26.6821,22.0
2149,14.5611,26.9167,22.0
2150,14.4737,26.8224,22.0
2151,13.8021,26.9673,22.0
2152,13.1466,26.896,22.0
2153,13.1627,26.8454,22.0
2154,15.5961,25.0813,22.0
2155,14.729,27.4756,22.0
2156,15.1177,27.7953,22.0
2157,14.568,25.7483,22.0
2158,12.6613,26.5349,22.0
2159,13.9953,26.8615,22.0
2160,13.6825,26.7695,22.0
2161,13.2593,27.5952,22.0
2162,14.2368,26.9742,22.0
2163,14.1678,26.0542,22.0
2164,14.6738,27.7746,22.0
2165,14.2115,25.9898,22.0
2166,14.1586,25.5413,22.0
2167,14.3587,26.0542,22.0
2168,13.4985,27.1513,22.0
2169,14.0919,26.0703,22.0
2170,14.6232,26.2865,22.0
2171,13.9631,27.5032,22.0
2172,13.855,26.6223,22.0
2173,13.8412,26.2428,22.0
2174,14.5059,27.3077,22.0
2175,14.0873,28.6118,22.0
2176,13.1742,26.9213,22.0
2177,13.4686,26.9489,22.0
2178,14.0804,27.5331,22.0
2179,14.8854,26.9443,22.0
2180,13.8136,25.9277,22.0
2181,14.0919,26.5947,22.0
2182,14.5289,26.5602,22.0
2183,14.6807,25.7828,22.0
2184,15.1476,26.3417,22.0
2185,15.3868,26.2612,22.0
2186,13.4548,26.758,22.0
2187,13.0592,28.0368,22.0
2188,13.4088,27.1513,22.0
2189,13.2317,27.8551,22.0
2190,14.5542,26.1278,22.0
2191,13.0983,25.2354,22.0
2192,14.1195,25.7161,22.0
2193,12.8085,26.574,22.0
2194,13.2501,26.5096,22.0
2195,14.7727,26.4866,22.0
2196,13.4709,27.3031,22.0
2197,13.7538,27.9471,22.0
2198,13.7906,26.2635,22.0
2199,14.4806,27.5561,22.0
2200,24.435,27.8137,23.0
2201,25.3136,28.0115,23.0
2202,26.0795,28.0667,23.0
2203,23.8025,26.9719,23.0
2204,25.4148,27.2663,23.0
2205,24.9663,29.15,23.0
2206,25.2216,27.1743,23.0
2207,24.4166,28.5175,23.0
2208,25.4194,26.6568,23.0
2209,24.5891,27.4296,23.0
2210,25.5597,26.9328,23.0
2211,24.7616,26.4866,23.0
2212,25.7759,28.6923,23.0
2213,26.6936,28.1863,23.0
2214,24.3637,26.8707,23.0
2215,25.1963,27.2479,23.0
2216,28.7268,26.7212,23.0
2217,25.7506,27.0731,23.0
2218,26.1048,26.1876,23.0
2219,24.0325,26.4337,23.0
2220,25.4378,27.5952,23.0
2221,25.7138,28.7935,23.0
2222,26.1416,28.5451,23.0
2223,25.1825,26.3578,23.0
2224,24.8375,27.8896,23.0
2225,25.2952,27.057,23.0
2226,24.5776,27.8206,23.0
2227,25.1917,27.563,23.0
2228,24.9341,28.2507,23.0
2229,23.3747,28.3703,23.0
2230,25.9599,28.5796,23.0
2231,24.0601,27.1904,23.0
2232,25.4815,29.3616,23.0
2233,24.5385,29.7963,23.0
2234,26.1899,28.0414,23.0
2235,24.1291,27.4181,23.0
2236,24.849,27.5837,23.0
2237,25.7736,27.4549,23.0
2238,24.7984,27.4687,23.0
2239,25.7943,28.4807,23.0
2240,24.9962,27.8045,23.0
2241,24.5431,28.6923,23.0
2242,24.2993,28.5497,23.0
2243,26.0772,28.7268,23.0
2244,25.6862,27.7378,23.0
2245,25.9944,27.0202,23.0
2246,23.2252,29.2466,23.0
2247,25.6195,29.8538,23.0
2248,24.136,28.4922,23.0
2249,24.9548,28.7107,23.0
2250,25.2032,28.3381,23.0
2251,24.2487,27.5078,23.0
2252,26.4567,29.012,23.0
2253,25.3389,27.8574,23.0
2254,26.2635,28.6946,23.0
2255,25.2883,28.0391,23.0
2256,26.5119,27.8436,23.0
2257,25.2262,27.5193,23.0
2258,25.4171,27.1099,23.0
2259,25.5712,27.3077,23.0
2260,26.0634,27.0685,23.0
2261,24.9571,28.4646,23.0
2262,25.0997,29.0787,23.0
2263,25.1687,29.1247,23.0
2264,24.4005,27.6872,23.0
2265,26.3831,29.2351,23.0
2266,25.5114,28.9407,23.0
2267,24.8559,27.1191,23.0
2268,24.32,28.0989,23.0
2269,23.745,27.4066,23.0
2270,25.5367,27.8045,23.0
2271,25.4286,28.0506,23.0
2272,24.9065,26.6867,23.0
2273,25.5413,28.3427,23.0
2274,25.884,27.9586,23.0
2275,27.8666,29.2903,23.0
2276,26.3302,28.2829,23.0
2277,25.9622,27.0064,23.0
2278,25.7414,28.1334,23.0
2279,23.8485,28.0069,23.0
2280,25.4976,25.1802,23.0
2281,24.8996,27.3928,23.0
2282,25.6701,27.126,23.0
2283,25.9852,28.5313,23.0
2284,25.4309,27.8873,23.0
2285,27.1099,27.0593,23.0
2286,25.4815,27.2479,23.0
2287,24.0946,27.0938,23.0
2288,24.6052,27.655,23.0
2289,24.8191,25.0031,23.0
2290,25.2607,27.3514,23.0
2291,25.3849,29.4375,23.0
2292,24.2441,27.6481,23.0
2293,24.6696,26.8523,23.0
2294,24.228,27.1076,23.0
2295,25.3711,28.2898,23.0
2296,24.412,27.4043,23.0
2297,24.7938,28.7429,23.0
2298,25.1411,27.0064,23.0
2299,24.2717,27.6274,23.0
2300,26.6821,22.9722,24.0
2301,26.0749,22.4961,24.0
2302,26.6775,21.4588,24.0
2303,26.7143,21.8613,24.0
2304,27.2157,23.9359,24.0
2305,27.126,21.974,24.0
2306,27.3537,21.5945,24.0
2307,27.2824,21.4749,24.0
2308,26.9581,22.4662,24.0
2309,27.0432,21.9487,24.0
2310,26.942,22.342,24.0
2311,26.3394,23.2551,24.0
2312,25.3734,21.7762,24.0
2313,26.2865,21.5646,24.0
2314,26.8891,21.9648,24.0
2315,27.103,21.3277,24.0
2316,27.6159,22.319,24.0
2317,26.2612,22.4294,24.0
2318,27.126,20.7527,24.0
2319,26.5671,21.33,24.0
2320,26.7488,22.7054,24.0
2321,26.5165,22.5467,24.0
2322,26.6292,22.1626,24.0
2323,27.6941,23.5265,24.0
2324,26.6108,22.1097,24.0
2325,27.1421,21.7877,24.0
2326,26.7051,20.7803,24.0
2327,27.5883,22.0154,24.0
2328,25.5252,21.5439,24.0
2329,26.0588,21.1207,24.0
2330,26.6752,22.0959,24.0
2331,26.8339,21.2219,24.0
2332,27.0202,20.6561,24.0
2333,26.9351,21.9096,24.0
2334,26.1876,22.9998,24.0
2335,27.3238,20.5319,24.0
2336,26.1002,19.7499,24.0
2337,25.7713,23.0297,24.0
2338,26.3578,21.6359,24.0
2339,26.2566,21.8889,24.0
2340,27.8689,21.7693,24.0
2341,27.7263,22.5467,24.0
2342,26.229,22.0982,24.0
2343,26.5349,21.9763,24.0
2344,26.459,22.4087,24.0
2345,26.4084,21.5577,24.0
2346,27.1375,22.4524,24.0
2347,25.0422,23.0872,24.0
2348,27.3514,20.5894,24.0
2349,27.793,22.5352,24.0
2350,26.5119,22.5099,24.0
2351,27.2387,22.3006,24.0
2352,25.8196,21.0839,24.0
2353,26.7212,21.008,24.0
2354,26.6959,21.6589,24.0
2355,25.9139,23.2183,24.0
2356,27.1697,22.112,24.0
2357,27.2525,21.8613,24.0
2358,26.2221,21.675,24.0
2359,26.7925,21.3829,24.0
2360,26.0542,23.1378,24.0
2361,27.2548,20.8562,24.0
2362,26.6545,22.6042,24.0
2363,26.8224,22.4156,24.0
2364,27.1076,22.365,24.0
2365,27.1881,21.6888,24.0
2366,27.5768,21.5899,24.0
2367,26.321,22.0292,24.0
2368,25.4033,22.7284,24.0
2369,27.0593,21.629,24.0
2370,27.4135,22.3443,24.0
2371,26.2175,21.5738,24.0
2372,27.0225,22.4984,24.0
2373,27.2571,22.6479,24.0
2374,25.8679,22.0039,24.0
2375,27.8367,22.6226,24.0
2376,26.7051,23.3057,24.0
2377,28.092,22.8411,24.0
2378,26.9305,22.4064,24.0
2379,26.5648,21.1506,24.0
2380,28.1426,21.4956,24.0
2381,27.3192,22.4041,24.0
2382,26.6246,21.2403,24.0
2383,26.114,21.3047,24.0
2384,25.4723,22.5513,24.0
2385,27.4181,21.5715,24.0
2386,27.2617,20.0374,24.0
2387,26.6614,21.4542,24.0
2388,28.5014,21.9326,24.0
2389,27.0455,22.5789,24.0
2390,28.1035,21.3898,24.0
2391,27.103,21.8475,24.0
2392,26.5487,21.4795,24.0
2393,26.9006,21.261,24.0
2394,26.3693,22.6318,24.0
2395,26.5372,23.3103,24.0
2396,27.3606,24.0371,24.0
2397,26.2612,22.6134,24.0
2398,25.2883,22.1902,24.0
2399,25.7184,22.4915,24.0
2400,22.6801,4.5492,25.0
2401,22.2454,5.8211,25.0
2402,22.0936,6.1063,25.0
2403,22.9837,6.2075,25.0
2404,21.2196,5.7636,25.0
2405,20.3709,6.0534,25.0
2406,23.1792,5.0713,25.0
2407,21.813,7.0953,25.0
2408,21.5025,5.4853,25.0
2409,22.9193,4.3583,25.0
2410,21.3392,5.7406,25.0
2411,22.3282,5.3519,25.0
2412,21.8153,5.2323,25.0
2413,22.2132,4.6412,25.0
2414,21.4519,4.701,25.0
2415,22.5651,6.0718,25.0
2416,21.8659,6.0028,25.0
2417,22.6755,4.6021,25.0
2418,20.0857,6.1937,25.0
2419,20.9988,5.2645,25.0
2420,22.1925,6.4467,25.0
2421,22.0982,6.0925,25.0
2422,22.135,5.9821,25.0
2423,22.9492,4.6412,25.0
2424,22.963,4.5193,25.0
2425,22.1879,5.8441,25.0
2426,20.8401,5.6946,25.0
2427,21.6589,6.6928,25.0
2428,22.1695,5.3703,25.0
2429,22.158,6.104,25.0
2430,21.2081,4.8758,25.0
2431,21.5347,5.2714,25.0
2432,21.2725,4.5607,25.0
2433,22.6617,6.4421,25.0
2434,22.5007,5.3381,25.0
2435,21.5071,5.0897,25.0
2436,22.3466,6.1316,25.0
2437,21.4519,3.8776,25.0
2438,23.5403,6.1569,25.0
2439,22.2224,4.6734,25.0
2440,21.3185,5.9177,25.0
2441,21.1575,4.8804,25.0
2442,22.2431,5.3795,25.0
2443,23.5955,5.3795,25.0
2444,22.4547,6.2811,25.0
2445,22.5674,4.7677,25.0
2446,21.7739,4.0938,25.0
2447,21.8199,5.8234,25.0
2448,21.6589,5.4646,25.0
2449,21.3576,6.4306,25.0
2450,23.2689,6.0051,25.0
2451,22.7537,5.5934,25.0
2452,22.1695,5.7728,25.0
2453,22.5812,5.0437,25.0
2454,22.9814,6.8515,25.0
2455,22.6364,6.8653,25.0
2456,22.7606,5.9407,25.0
2457,21.8705,4.1858,25.0
2458,23.1194,5.621,25.0
2459,23.0527,5.1702,25.0
2460,23.0159,5.9131,25.0
2461,22.0568,5.782,25.0
2462,21.9027,4.701,25.0
2463,21.6589,5.8602,25.0
2464,21.8475,6.7549,25.0
2465,20.341,5.5658,25.0
2466,21.8774,5.2231,25.0
2467,21.8682,4.8482,25.0
2468,22.0729,5.2691,25.0
2469,21.9257,5.4048,25.0
2470,21.5692,4.5561,25.0
2471,22.2086,5.5221,25.0
2472,22.5421,5.874,25.0
2473,20.1501,7.231,25.0
2474,23.0205,5.2093,25.0
2475,21.8406,7.001,25.0
2476,22.5352,5.8878,25.0
2477,23.2505,5.1886,25.0
2478,23.6668,7.5024,25.0
2479,20.7504,5.2898,25.0
2480,22.4432,4.0892,25.0
2481,22.2569,5.9798,25.0
2482,22.2707,5.5773,25.0
2483,21.859,4.8827,25.0
2484,22.6456,6.702,25.0
2485,23.2919,5.1196,25.0
2486,23.8761,6.3754,25.0
2487,22.296,6.0051,25.0
2488,21.8153,6.0718,25.0
2489,21.7371,5.3979,25.0
2490,22.6571,5.2806,25.0
2491,22.3903,6.3869,25.0
2492,22.2247,5.6302,25.0
2493,22.2201,5.4071,25.0
2494,21.2311,5.9867,25.0
2495,21.767,6.2696,25.0
2496,21.7233,6.5387,25.0
2497,22.2569,5.8441,25.0
2498,21.583,3.7925,25.0
2499,21.2541,5.5934,25.0
2500,22.8871,16.8542,26.0
2501,23.3931,16.4655,26.0
2502,22.894,15.2833,26.0
2503,25.5804,15.4167,26.0
2504,22.5214,15.9871,26.0
2505,21.7693,16.2194,26.0
2506,22.4432,14.5703,26.0
2507,21.9556,16.0653,26.0
2508,23.8324,17.3993,26.0
2509,22.3397,16.0078,26.0
2510,23.6116,16.8404,26.0
2511,22.8963,16.2585,26.0
2512,21.8843,16.0285,26.0
2513,23.0366,15.4144,26.0
2514,22.8043,15.4052,26.0
2515,21.7555,15.4144,26.0
2516,22.6985,16.7001,26.0
2517,21.7072,15.5754,26.0
2518,22.4754,15.3063,26.0
2519,22.9377,16.6817,26.0
2520,23.3655,15.718,26.0
2521,23.4782,15.7686,26.0
2522,23.0274,15.833,26.0
2523,21.9648,15.6605,26.0
2524,23.0619,16.1826,26.0
2525,22.5375,15.9664,26.0
2526,21.9142,15.9963,26.0
2527,23.2022,16.4287,26.0
2528,21.6635,17.351,26.0
2529,22.8687,15.1568,26.0
2530,22.963,15.9802,26.0
2531,23.0596,16.2585,26.0
2532,24.2096,16.1205,26.0
2533,23.1654,15.2948,26.0
2534,21.7072,15.4374,26.0
2535,23.2712,16.3643,26.0
2536,22.9193,16.4195,26.0
2537,21.7509,15.3776,26.0
2538,22.9354,15.3661,26.0
2539,20.64,17.1739,26.0
2540,23.2321,17.7926,26.0
2541,23.4,18.3929,26.0
2542,23.0895,16.3666,26.0
2543,23.5794,16.8703,26.0
2544,23.2988,16.385,26.0
2545,23.4759,16.8151,26.0
2546,22.6594,16.1504,26.0
2547,23.2321,15.0257,26.0
2548,22.0706,16.063,26.0
2549,22.0683,17.2797,26.0
2550,24.3039,15.4903,26.0
2551,22.7077,15.3845,26.0
2552,22.1189,15.8284,26.0
2553,24.0785,15.2833,26.0
2554,23.3448,16.4908,26.0
2555,23.4713,17.6132,26.0
2556,22.5559,16.73,26.0
2557,23.5242,15.2971,26.0
2558,23.1332,16.3298,26.0
2559,22.1603,16.9531,26.0
2560,22.963,14.8923,26.0
2561,23.952,17.282,26.0
2562,24.1475,16.7208,26.0
2563,23.0366,15.6743,26.0
2564,22.3811,15.9434,26.0
2565,22.227,15.028,26.0
2566,22.9423,17.213,26.0
2567,22.3558,16.224,26.0
2568,22.9584,15.0786,26.0
2569,23.009,16.7116,26.0
2570,22.9837,15.8974,26.0
2571,23.078,16.0699,26.0
2572,21.3024,17.2314,26.0
2573,23.0481,16.5184,26.0
2574,23.0918,15.3592,26.0
2575,22.7675,17.949,26.0
2576,22.9308,16.0814,26.0
2577,22.9906,18.3239,26.0
2578,22.7491,16.6909,26.0
2579,21.8383,16.1688,26.0
2580,24.067,16.6058,26.0
2581,23.0343,16.7691,26.0
2582,21.5416,16.1021,26.0
2583,21.5853,16.3551,26.0
2584,23.5518,15.8422,26.0
2585,22.8572,16.2033,26.0
2586,23.1953,15.7824,26.0
2587,22.9492,14.7543,26.0
2588,23.1378,15.9181,26.0
2589,23.1447,14.9705,26.0
2590,24.0555,16.5621,26.0
2591,22.7951,15.5386,26.0
2592,24.4787,17.9421,26.0
2593,23.4253,17.1509,26.0
2594,22.6249,15.419,26.0
2595,23.1355,15.9756,26.0
2596,22.825,16.4954,26.0
2597,24.2257,16.0354,26.0
2598,23.3149,17.0014,26.0
2599,23.3931,15.9549,26.0
2600,22.7215,11.1134,27.0
2601,24.2441,11.5734,27.0
2602,23.0159,10.9478,27.0
2603,22.0867,12.5348,27.0
2604,23.9543,11.5849,27.0
2605,21.8222,10.9639,27.0
2606,24.0417,11.7804,27.0
2607,22.0499,11.9115,27.0
2608,22.5191,11.2744,27.0
2609,22.3903,11.2629,27.0
2610,22.7606,11.4193,27.0
2611,22.4938,11.4699,27.0
2612,22.4432,11.1341,27.0
2613,23.5541,13.1167,27.0
2614,22.9791,11.5803,27.0
2615,22.7652,12.7142,27.0
2616,20.3709,10.9524,27.0
2617,23.4253,10.8558,27.0
2618,22.4455,11.9138,27.0
2619,23.2436,13.487,27.0
2620,21.3783,11.8586,27.0
2621,22.7974,10.7477,27.0
2622,23.2137,12.5578,27.0
2623,23.7956,12.9327,27.0
2624,22.5674,13.0707,27.0
2625,23.0228,11.9667,27.0
2626,21.7394,10.7822,27.0
2627,22.0062,11.5826,27.0
2628,21.3415,13.1121,27.0
2629,22.0315,11.5297,27.0
2630,22.687,10.8949,27.0
2631,22.1718,12.0035,27.0
2632,24.0233,13.2179,27.0
2633,23.5518,12.2174,27.0
2634,22.9032,11.5274,27.0
2635,21.6221,12.1691,27.0
2636,22.6318,10.7615,27.0
2637,22.2155,12.1599,27.0
2638,22.273,11.9322,27.0
2639,23.9175,12.9258,27.0
2640,22.365,11.8701,27.0
2641,22.4915,11.7137,27.0
2642,23.8278,12.7579,27.0
2643,23.607,12.1553,27.0
2644,23.308,11.0191,27.0
2645,23.9451,10.2923,27.0
2646,22.4064,12.5371,27.0
2647,22.4984,11.9575,27.0
2648,21.997,10.8144,27.0
2649,23.2459,11.8011,27.0
2650,22.2891,11.9874,27.0
2651,23.1539,11.417,27.0
2652,22.8641,13.142,27.0
2653,21.6336,12.2312,27.0
2654,23.2252,11.9989,27.0
2655,22.3719,11.7413,27.0
2656,23.8577,11.8126,27.0
2657,23.1792,11.1111,27.0
2658,21.7187,12.2818,27.0
2659,23.4483,12.1691,27.0
2660,23.0826,12.4566,27.0
2661,23.0044,11.4331,27.0
2662,21.905,12.4359,27.0
2663,22.7514,11.2008,27.0
2664,24.1981,10.8604,27.0
2665,23.1677,12.3209,27.0
2666,21.6865,12.2335,27.0
2667,22.3673,13.2616,27.0
2668,22.9216,11.6309,27.0
2669,21.6865,12.0403,27.0
2670,22.1672,10.8006,27.0
2671,21.9579,11.3549,27.0
2672,22.8963,11.7505,27.0
2673,22.917,11.1272,27.0
2674,23.2712,12.3209,27.0
2675,22.7146,12.0081,27.0
2676,22.0315,12.2726,27.0
2677,22.2868,10.52,27.0
2678,22.9308,13.2455,27.0
2679,21.7808,12.1047,27.0
2680,23.8094,12.4106,27.0
2681,22.4639,11.3641,27.0
2682,22.1557,11.4308,27.0
2683,22.6686,11.7321,27.0
2684,22.7123,12.0771,27.0
2685,23.722,11.7367,27.0
2686,22.7399,11.5044,27.0
2687,22.3581,11.6424,27.0
2688,22.0683,12.2864,27.0
2689,22.457,11.3158,27.0
2690,22.5099,12.1093,27.0
2691,21.8544,11.164,27.0
2692,22.6157,11.8517,27.0
2693,24.0946,11.9874,27.0
2694,22.1994,11.6861,27.0
2695,23.1723,11.2399,27.0
2696,22.963,11.9,27.0
2697,22.411,12.2703,27.0
2698,23.3218,12.659,27.0
2699,23.2321,12.0426,27.0
2700,10.4027,23.6553,28.0
2701,10.0117,24.0394,28.0
2702,10.5499,23.9474,28.0
2703,10.7523,25.4355,28.0
2704,8.7766,25.2837,28.0
2705,9.4689,23.4667,28.0
2706,10.7822,23.3402,28.0
2707,10.9662,23.8646,28.0
2708,10.0669,26.0749,28.0
2709,9.6069,25.0698,28.0
2710,9.5149,25.0882,28.0
2711,11.1755,25.9967,28.0
2712,11.0122,25.3412,28.0
2713,10.0255,23.9773,28.0
2714,9.6184,25.3987,28.0
2715,10.4326,24.5178,28.0
2716,9.0825,22.135,28.0
2717,8.6547,24.757,28.0
2718,10.7776,24.4902,28.0
2719,9.4114,24.4695,28.0
2720,10.1796,24.6857,28.0
2721,10.6787,23.9934,28.0
2722,11.4814,24.4327,28.0
2723,9.3999,23.6622,28.0
2724,10.2762,24.6512,28.0
2725,10.9202,24.7708,28.0
2726,9.2458,24.849,28.0
2727,10.4142,24.5201,28.0
2728,9.9289,24.7915,28.0
2729,10.0439,24.3936,28.0
2730,10.5476,23.6208,28.0
2731,10.4119,25.9737,28.0
2732,11.0766,23.8715,28.0
2733,9.7886,24.5592,28.0
2734,9.9611,24.4396,28.0
2735,10.2762,24.4235,28.0
2736,10.9639,24.964,28.0
2737,10.5982,24.7616,28.0
2738,10.1405,23.2942,28.0
2739,11.3664,23.8531,28.0
2740,10.3452,24.2947,28.0
2741,10.3567,24.3867,28.0
2742,9.9082,24.849,28.0
2743,9.393,23.239,28.0
2744,11.7551,23.9796,28.0
2745,10.1313,25.0284,28.0
2746,9.8162,23.8945,28.0
2747,9.4712,24.7915,28.0
2748,10.175,25.1779,28.0
2749,10.3452,24.6535,28.0
2750,9.5839,25.4516,28.0
2751,9.5103,25.9369,28.0
2752,10.7155,23.0527,28.0
2753,9.7679,25.0077,28.0
2754,11.0099,24.4534,28.0
2755,10.8903,24.734,28.0
2756,9.2596,24.2211,28.0
2757,8.519,22.8986,28.0
2758,10.612,25.2032,28.0
2759,10.5522,22.9055,28.0
2760,11.4009,23.9819,28.0
2761,10.0002,24.0486,28.0
2762,11.555,25.0399,28.0
2763,10.819,24.8168,28.0
2764,9.6276,24.3108,28.0
2765,11.0674,24.2165,28.0
2766,10.9041,24.0095,28.0
2767,9.1814,25.3895,28.0
2768,9.8599,24.1199,28.0
2769,9.922,23.7059,28.0
2770,10.1244,25.0031,28.0
2771,9.7472,24.2947,28.0
2772,11.003,24.2372,28.0
2773,10.2026,24.1153,28.0
2774,11.3526,23.5058,28.0
2775,10.681,23.3356,28.0
2776,10.5315,24.9571,28.0
2777,11.0122,25.0905,28.0
2778,10.3958,23.4368,28.0
2779,9.8024,23.9704,28.0
2780,9.8484,23.8393,28.0
2781,10.5706,23.8761,28.0
2782,10.1773,24.7271,28.0
2783,10.819,23.8324,28.0
2784,11.8563,25.9346,28.0
2785,10.083,24.1015,28.0
2786,9.508,23.8439,28.0
2787,9.5333,24.8697,28.0
2788,10.4303,23.4759,28.0
2789,9.1814,24.9732,28.0
2790,10.5844,23.7749,28.0
2791,9.485,22.9354,28.0
2792,10.1796,22.3167,28.0
2793,10.589,23.8531,28.0
2794,8.8203,25.0905,28.0
2795,10.6258,24.2096,28.0
2796,10.4395,24.0164,28.0
2797,10.4441,24.0785,28.0
2798,9.4528,24.5615,28.0
2799,10.3567,24.3154,28.0
2800,14.4783,21.7647,29.0
2801,15.0487,22.5398,29.0
2802,14.5358,22.388,29.0
2803,14.7934,23.147,29.0
2804,15.3822,21.7624,29.0
2805,16.8105,21.8291,29.0
2806,16.2838,22.4271,29.0
2807,16.5644,21.0103,29.0
2808,16.0653,22.5444,29.0
2809,16.5874,22.4708,29.0
2810,15.7042,22.1419,29.0
2811,17.2015,20.7826,29.0
2812,15.7318,22.4915,29.0
2813,15.1269,20.4468,29.0
2814,15.8468,22.8572,29.0
2815,15.8353,21.6865,29.0
2816,16.5874,23.3931,29.0
2817,14.7865,22.2086,29.0
2818,14.6968,21.8751,29.0
2819,15.7042,22.8664,29.0
2820,14.5174,22.7054,29.0
2821,15.2672,21.422,29.0
2822,15.2534,20.9712,29.0
2823,15.9871,21.9648,29.0
2824,15.1292,23.0343,29.0
2825,15.5662,22.6916,29.0
2826,17.3924,20.8516,29.0
2827,16.1297,22.1419,29.0
2828,15.2465,22.1695,29.0
2829,14.6692,20.8608,29.0
2830,14.5818,23.2758,29.0
2831,15.3132,21.5485,29.0
2832,15.1729,22.8503,29.0
2833,15.2557,21.2265,29.0
2834,15.7594,21.7693,29.0
2835,15.5547,21.9096,29.0
2836,14.3173,23.2896,29.0
2837,14.8601,22.2891,29.0
2838,14.5657,23.1976,29.0
2839,14.8003,22.2086,29.0
2840,14.9958,21.8866,29.0
2841,14.6485,21.1368,29.0
2842,14.6002,21.8406,29.0
2843,14.982,21.0034,29.0
2844,15.1269,21.6566,29.0
2845,15.3132,22.3558,29.0
2846,14.9429,21.4496,29.0
2847,15.4903,21.3415,29.0
2848,14.6623,21.3277,29.0
2849,15.0809,22.6709,29.0
2850,15.0901,21.3346,29.0
2851,15.7479,22.6985,29.0
2852,15.9986,22.802,29.0
2853,15.7502,21.8912,29.0
2854,15.8882,22.595,29.0
2855,14.66,22.2569,29.0
2856,16.1918,21.468,29.0
2857,15.4489,20.9597,29.0
2858,14.5519,21.9878,29.0
2859,15.3799,21.3116,29.0
2860,16.2401,21.6934,29.0
2861,17.0106,21.8383,29.0
2862,14.9291,23.4138,29.0
2863,15.6467,21.1575,29.0
2864,15.5018,20.7596,29.0
2865,15.6421,21.5025,29.0
2866,15.6352,21.3944,29.0
2867,15.8008,21.5738,29.0
2868,14.9314,22.181,29.0
2869,14.177,21.3622,29.0
2870,14.3909,22.1925,29.0
2871,14.9613,21.2081,29.0
2872,15.6858,21.1207,29.0
2873,15.8905,21.1069,29.0
2874,16.1343,21.1414,29.0
2875,15.8215,22.1373,29.0
2876,14.4921,21.5531,29.0
2877,15.8974,21.4841,29.0
2878,14.2529,21.6911,29.0
2879,16.4356,23.4874,29.0
2880,16.0354,23.2482,29.0
2881,15.8629,23.6714,29.0
2882,14.3909,21.7141,29.0
2883,16.6104,20.9459,29.0
2884,15.6766,22.3811,29.0
2885,14.8877,21.9073,29.0
2886,15.4742,21.9694,29.0
2887,15.8169,21.7762,29.0
2888,15.5846,22.5053,29.0
2889,15.1706,21.7762,29.0
2890,15.3247,22.3926,29.0
2891,15.879,20.4192,29.0
2892,14.844,22.0729,29.0
2893,15.2695,21.4933,29.0
2894,14.5887,23.3172,29.0
2895,15.5731,21.2449,29.0
2896,15.81,21.2794,29.0
2897,15.6766,22.2086,29.0
2898,14.9406,22.526,29.0
2899,13.9999,21.6474,29.0
2900,6.2144,11.6723,30.0
2901,5.8073,11.3227,30.0
2902,5.5474,10.2233,30.0
2903,3.9811,10.7615,30.0
2904,5.4117,11.0053,30.0
2905,4.2272,10.2279,30.0
2906,6.2282,10.1543,30.0
2907,4.5929,8.9054,30.0
2908,5.4991,9.5954,30.0
2909,4.0708,10.5844,30.0
2910,3.9788,10.2233,30.0
2911,4.1237,10.2187,30.0
2912,4.0616,9.9979,30.0
2913,4.563,10.7086,30.0
2914,4.3353,10.1658,30.0
2915,4.8735,9.8599,30.0
2916,4.3583,9.3102,30.0
2917,5.2829,10.1911,30.0
2918,4.6527,9.4068,30.0
2919,5.4255,11.8103,30.0
2920,4.7194,9.5149,30.0
2921,4.9126,10.589,30.0
2922,3.8776,10.9777,30.0
2923,4.6159,10.1152,30.0
2924,5.2714,9.2826,30.0
2925,5.2875,10.1497,30.0
2926,4.954,8.9307,30.0
2927,4.0662,9.8415,30.0
2928,4.8758,10.9915,30.0
2929,6.1316,9.3102,30.0
2930,4.6596,10.2854,30.0
2931,5.5773,9.5034,30.0
2932,5.5474,10.2647,30.0
2933,4.5653,10.566,30.0
2934,6.1201,9.4137,30.0
2935,4.8482,9.3102,30.0
2936,4.6596,11.0214,30.0
2937,5.5819,9.9933,30.0
2938,5.1058,11.5274,30.0
2939,4.8068,8.1395,30.0
2940,5.897,10.2325,30.0
2941,5.4899,10.957,30.0
2942,4.8781,9.5425,30.0
2943,4.5354,9.4436,30.0
2944,4.8827,10.2486,30.0
2945,6.2673,10.819,30.0
2946,4.8091,9.6529,30.0
2947,5.8924,10.6465,30.0
2948,5.2737,10.98,30.0
2949,5.2369,9.0848,30.0
2950,5.9798,9.3447,30.0
2951,4.7378,10.6833,30.0
2952,5.644,10.6327,30.0
2953,4.54,9.278,30.0
2954,5.2576,10.957,30.0
2955,4.701,9.1423,30.0
2956,6.1247,10.6741,30.0
2957,5.9821,9.4137,30.0
2958,3.8017,10.704,30.0
2959,4.1605,10.0416,30.0
2960,5.4876,10.7247,30.0
2961,4.2916,9.1492,30.0
2962,6.081,10.1612,30.0
2963,5.069,10.8397,30.0
2964,6.8055,9.4459,30.0
2965,3.9742,10.1819,30.0
2966,4.8781,10.2095,30.0
2967,4.3974,8.7605,30.0
2968,6.3662,9.4045,30.0
2969,4.6619,10.4648,30.0
2970,5.552,9.715,30.0
2971,4.3974,10.3866,30.0
2972,5.1196,10.2118,30.0
2973,5.7222,10.5177,30.0
2974,4.7033,9.3608,30.0
2975,4.8965,9.1515,30.0
2976,5.4692,10.0094,30.0
2977,6.1109,10.6695,30.0
2978,4.3422,11.5504,30.0
2979,5.2484,9.4206,30.0
2980,4.8574,9.7219,30.0
2981,5.5566,11.1801,30.0
2982,5.6578,9.3424,30.0
2983,4.701,9.8783,30.0
2984,4.632,11.6723,30.0
2985,5.0115,10.3981,30.0
2986,5.6555,10.2969,30.0
2987,4.9885,10.6557,30.0
2988,5.7636,10.5085,30.0
2989,5.483,11.1111,30.0
2990,5.7935,10.6005,30.0
2991,5.0092,11.5159,30.0
2992,4.7976,9.6897,30.0
2993,5.7222,9.7472,30.0
2994,6.2144,9.8277,30.0
2995,5.4899,10.7086,30.0
2996,5.2323,10.198,30.0
2997,4.1076,10.7132,30.0
2998,4.6872,11.7666,30.0
2999,5.5198,10.1681,30.0
3000,5.8441,17.3993,31.0
3001,4.6182,17.7535,31.0
3002,5.368,17.5005,31.0
3003,6.0672,15.9986,31.0
3004,5.8533,16.4103,31.0
3005,5.4899,17.2774,31.0
3006,5.6279,16.5667,31.0
3007,5.0253,18.156,31.0
3008,6.6882,16.2424,31.0
3009,5.897,17.3625,31.0
3010,5.1173,16.7461,31.0
3011,5.6118,17.3809,31.0
3012,6.0511,16.1021,31.0
3013,4.3192,16.661,31.0
3014,5.9775,17.8248,31.0
3015,5.9223,16.9899,31.0
3016,5.7889,16.8933,31.0
3017,5.5267,16.0883,31.0
3018,6.7181,17.5971,31.0
3019,5.4508,15.3776,31.0
3020,5.7498,17.0014,31.0
3021,5.7406,15.9641,31.0
3022,7.0309,16.73,31.0
3023,5.4117,17.0819,31.0
3024,4.3307,17.2567,31.0
3025,5.8993,16.5437,31.0
3026,6.2075,15.6697,31.0
3027,6.0741,17.696,31.0
3028,5.253,16.8128,31.0
3029,4.5354,15.8491,31.0
3030,6.1132,16.0446,31.0
3031,5.2484,17.6615,31.0
3032,6.6767,15.7387,31.0
3033,6.1086,17.3855,31.0
3034,5.7935,17.8478,31.0
3035,6.1132,16.1872,31.0
3036,5.8004,15.4972,31.0
3037,6.7388,17.2337,31.0
3038,6.1891,18.1169,31.0
3039,5.0644,17.5649,31.0
3040,4.8758,16.5598,31.0
3041,5.0828,17.7834,31.0
3042,5.7935,17.4499,31.0
3043,6.7802,16.983,31.0
3044,4.862,17.1118,31.0
3045,6.0465,17.5051,31.0
3046,5.5888,16.3114,31.0
3047,6.3455,16.8772,31.0
3048,5.7084,15.7893,31.0
3049,6.2535,16.4954,31.0
3050,6.6537,17.0198,31.0
3051,6.2052,15.6674,31.0
3052,6.3018,15.7893,31.0
3053,5.9453,16.7967,31.0
3054,5.6394,17.9766,31.0
3055,5.4761,16.9186,31.0
3056,7.0608,16.086,31.0
3057,4.7562,17.8777,31.0
3058,5.4531,17.4154,31.0
3059,6.1155,16.8772,31.0
3060,5.9936,17.7029,31.0
3061,4.8643,16.0814,31.0
3062,5.4968,16.1826,31.0
3063,6.0442,17.0934,31.0
3064,6.3409,17.7857,31.0
3065,4.7217,16.0055,31.0
3066,7.0493,16.224,31.0
3067,5.0552,18.5217,31.0
3068,5.4416,18.4987,31.0
3069,6.9872,17.2383,31.0
3070,5.1311,16.6817,31.0
3071,7.4311,18.3331,31.0
3072,6.0879,16.1205,31.0
3073,5.8878,16.3781,31.0
3074,6.2121,17.9582,31.0
3075,6.9849,17.1785,31.0
3076,5.3542,17.2015,31.0
3077,7.2149,16.7944,31.0
3078,6.8906,16.0952,31.0
3079,5.552,15.557,31.0
3080,6.0488,16.2102,31.0
3081,5.7498,16.5069,31.0
3082,6.3064,16.8243,31.0
3083,5.3266,16.6725,31.0
3084,6.4237,17.4706,31.0
3085,5.1909,16.1458,31.0
3086,5.8947,16.2677,31.0
3087,5.4669,17.7489,31.0
3088,4.816,17.0037,31.0
3089,5.8901,16.9393,31.0
3090,6.0419,17.3625,31.0
3091,6.5456,16.6978,31.0
3092,6.0626,17.0865,31.0
3093,5.1219,18.4274,31.0
3094,7.3414,16.8197,31.0
3095,5.138,16.615,31.0
3096,5.736,16.9991,31.0
3097,5.276,17.2475,31.0
3098,6.4444,16.2033,31.0
3099,7.162,18.1836,31.0
